2026-01-22 16:10:45,532 DEBUG [WB_to_MX.lambda$run_gui_mode$0] Arguments: [-mx_timeout, -1, -pack, assets/MotorControlPack/MotorControl.zip, -exp, templates/wb-defines_where_and_what.txt, -ftl, templates/wb_ioc_template.ftl, -xdm, D:\01d_MCU_G474\ST_TuckRunv6.4_2PWM\EIC_TuckRun_Hall_v6_4\EIC_TuckRun_Hall_v6_4.wbdef, -ioc, D:\01d_MCU_G474\ST_TuckRunv6.4_2PWM\EIC_TuckRun_Hall_v6_4\EIC_TuckRun_Hall_v6_4.ioc]
2026-01-22 16:10:45,538 DEBUG [ArgsValue.lambda$retrieve$2] CLI_ARG[ftl]: templates/wb_ioc_template.ftl
2026-01-22 16:10:45,538 DEBUG [ArgsValue.lambda$retrieve$2] CLI_ARG[exp]: templates/wb-defines_where_and_what.txt
2026-01-22 16:10:45,539 DEBUG [ArgsValue.lambda$retrieve$2] CLI_ARG[xdm]: D:\01d_MCU_G474\ST_TuckRunv6.4_2PWM\EIC_TuckRun_Hall_v6_4\EIC_TuckRun_Hall_v6_4.wbdef
2026-01-22 16:10:45,539 DEBUG [ArgsValue.lambda$retrieve$2] CLI_ARG[ioc]: D:\01d_MCU_G474\ST_TuckRunv6.4_2PWM\EIC_TuckRun_Hall_v6_4\EIC_TuckRun_Hall_v6_4.ioc
2026-01-22 16:10:45,540 DEBUG [ArgsValue.lambda$retrieve$2] CLI_ARG[pack]: assets/MotorControlPack/MotorControl.zip
2026-01-22 16:10:45,540 DEBUG [ArgsValue.lambda$retrieve$2] CLI_ARG[mx_timeout]: -1
2026-01-22 16:10:45,541 DEBUG [ArgsValue.retrieve] {xdm=D:\01d_MCU_G474\ST_TuckRunv6.4_2PWM\EIC_TuckRun_Hall_v6_4\EIC_TuckRun_Hall_v6_4.wbdef, updftl=templates/wb_ioc_mc-middleware.ftl, mx_timeout=-1, exp=templates/wb-defines_where_and_what.txt, ioc=D:\01d_MCU_G474\ST_TuckRunv6.4_2PWM\EIC_TuckRun_Hall_v6_4\EIC_TuckRun_Hall_v6_4.ioc, pack=assets/MotorControlPack/MotorControl.zip, ftl=templates/wb_ioc_template.ftl}
2026-01-22 16:10:45,576 DEBUG [WB_to_MX.run] Targeted MCU family = G4
2026-01-22 16:10:45,588 DEBUG [WB_to_MX.run] Minimum associated CubeMx to the `6.0.0-a0` targeted MCU family is `G4`
2026-01-22 16:11:08,943 DEBUG [EnvironmentChecker.checkPack] STM32CubeMX.Version: 6.16.1-RC2
2026-01-22 16:11:08,948 DEBUG [RetrieveFirmwareVersion.from_zip] Trying to read Firmware version from zipped version Pack: C:\Users\cc_fang\AppData\Local\STMicroelectronics\MC_SDK_6.4.0\Utilities\PC_Software\STMCWB\assets\MotorControlPack\MotorControl.zip
2026-01-22 16:11:09,027 DEBUG [RetrieveFirmwareVersion.minimum_supporte_version] minimum_supporte_version MotorControlFirmware.Version: 6.4.0-Full
2026-01-22 16:11:09,028 DEBUG [PackInfoFactory.deploy_MCPack_to_MxRepo] Deployment strategy class: VersionedFolderStyle_MCPackDeployer
2026-01-22 16:11:09,028 DEBUG [PackInfoFactory.deploy_MCPack_to_MxRepo] Expected MC Pack 6.4.0-Full already deployed
2026-01-22 16:11:09,049 DEBUG [DataSetUpdater.update] Updating data set
2026-01-22 16:11:09,050 DEBUG [DataSetUpdater.update] Update done
2026-01-22 16:11:09,051 INFO  [IocGenerator.logModulesVersionInfo] Version info: 
2026-01-22 16:11:09,062 INFO  [IocGenerator.logModulesVersionInfo]   MC Workbench       : 6.4.0
2026-01-22 16:11:09,063 INFO  [IocGenerator.logModulesVersionInfo]   WB_to_Mx           : 6.4.0-Full.template-25-05-06
2026-01-22 16:11:09,064 INFO  [IocGenerator.logModulesVersionInfo]   STM32CubeMX        : 6.16.1
2026-01-22 16:11:09,064 INFO  [IocGenerator.logModulesVersionInfo]   MC Firmware Library: 6.4.0-Full
2026-01-22 16:11:09,065 INFO  [IocGenerator.logModulesVersionInfo] 
Generation options: 
2026-01-22 16:11:09,065 INFO  [IocGenerator.logModulesVersionInfo]   Target Toolchain   : CMake
2026-01-22 16:11:09,066 INFO  [IocGenerator.logModulesVersionInfo]   Target Driver      : HAL - Hardware Abstraction Layer
2026-01-22 16:11:09,067 INFO  [IocGenerator.logModulesVersionInfo]   Target STM32 FW    : 1.6.1

2026-01-22 16:11:09,070 DEBUG [IocGenerator.process] D:\01d_MCU_G474\ST_TuckRunv6.4_2PWM\EIC_TuckRun_Hall_v6_4\EIC_TuckRun_Hall_v6_4.ioc ioc file: Generating
2026-01-22 16:11:09,072 DEBUG [IocGenerator.createOutput] Generating file from template templates\wb_ioc_template.ftl
2026-01-22 16:11:10,728 DEBUG [IocGenerator.process] ioc file D:\01d_MCU_G474\ST_TuckRunv6.4_2PWM\EIC_TuckRun_Hall_v6_4\EIC_TuckRun_Hall_v6_4.ioc Generated
2026-01-22 16:11:10,731 INFO  [LineInfo_to_exitCode.log_LineInfo] D:\01d_MCU_G474\ST_TuckRunv6.4_2PWM\EIC_TuckRun_Hall_v6_4\EIC_TuckRun_Hall_v6_4.ioc ioc: Generated
2026-01-22 16:11:10,981 INFO  [Wb2MxProcess.lambda$copyFolder$e7a869af$1] Folder Overwritten D:\01d_MCU_G474\ST_TuckRunv6.4_2PWM\EIC_TuckRun_Hall_v6_4\ftl
2026-01-22 16:11:11,021 INFO  [extSettings.lambda$writeContentToFile$f5919002$1] Generated D:\01d_MCU_G474\ST_TuckRunv6.4_2PWM\EIC_TuckRun_Hall_v6_4\.extSettings
2026-01-22 16:11:11,051 INFO  [Wb2MxProcess.lambda$run$$19] 
Started STM32CubeMX for final c-code generation
2026-01-22 16:11:11,085 DEBUG [CubeMxRunner.create_code_generation_script_for] Generated CubeMx script file: C:\Users\cc_fang\AppData\Local\Temp\WB_to_Mx-eictuckrunhallv-9239800487083524072.script
2026-01-22 16:11:12,858 DEBUG [LineInfo_to_exitCode.log_LineInfo] 2026-01-22 16:11:12,855 [INFO] MicroXplorer:98 - [MX] MX Start == 6675635800100
2026-01-22 16:11:12,859 DEBUG [LineInfo_to_exitCode.log_LineInfo] 2026-01-22 16:11:12,858 [INFO] MicroXplorer:653 - Detected Java Version = 21.0.8
2026-01-22 16:11:12,861 DEBUG [LineInfo_to_exitCode.log_LineInfo] 2026-01-22 16:11:12,860 [INFO] ApplicationProperties:184 - Using Application install path: C:\Users\cc_fang\AppData\Local\Programs\STM32CubeMX
2026-01-22 16:11:12,876 DEBUG [LineInfo_to_exitCode.log_LineInfo] 2026-01-22 16:11:12,875 [INFO] DbMcusXml:78 - Set database path to: C:\Users\cc_fang\AppData\Local\Programs\STM32CubeMX\\db\/mcu/
2026-01-22 16:11:12,876 DEBUG [LineInfo_to_exitCode.log_LineInfo] 2026-01-22 16:11:12,876 [INFO] ApiDb:274 - Set plugin database path to: C:\Users\cc_fang\AppData\Local\Programs\STM32CubeMX\\db\/plugins/boardmanager/
2026-01-22 16:11:12,883 DEBUG [LineInfo_to_exitCode.log_LineInfo] 2026-01-22 16:11:12,882 [INFO] McuFinderGlobals:63 - Set McuFinder mode to 1 (CubeMX integrated)
2026-01-22 16:11:12,902 DEBUG [LineInfo_to_exitCode.log_LineInfo] 2026-01-22 16:11:12,901 [INFO] ApiDb:250 - Set database path to: C:\Users\cc_fang\.stmcufinder\plugins\mcufinder//mcu/
2026-01-22 16:11:12,903 DEBUG [LineInfo_to_exitCode.log_LineInfo] 2026-01-22 16:11:12,903 [INFO] DbMcusAds:125 - Set database path to: C:\Users\cc_fang\.stmcufinder\plugins\mcufinder//mcu/
2026-01-22 16:11:12,911 DEBUG [LineInfo_to_exitCode.log_LineInfo] 2026-01-22 16:11:12,910 [INFO] CrossReferenceDbSqlite:203 - Set database path to: C:\Users\cc_fang\.stmcufinder\plugins\mcufinder//mcu/cs/
2026-01-22 16:11:13,084 DEBUG [LineInfo_to_exitCode.log_LineInfo] 2026-01-22 16:11:13,084 [INFO] RulesReader:64 - Compatibility file has been processed (318 Rules)
2026-01-22 16:11:13,116 DEBUG [LineInfo_to_exitCode.log_LineInfo] 2026-01-22 16:11:13,115 [INFO] STM32CubeMX:60 - Starting STM32CubeMX
2026-01-22 16:11:13,770 DEBUG [LineInfo_to_exitCode.log_LineInfo] 2026-01-22 16:11:13,770 [INFO] MainPanel:281 - HeapMemory: 50331648
2026-01-22 16:11:13,875 DEBUG [LineInfo_to_exitCode.log_LineInfo] 2026-01-22 16:11:13,874 [INFO] MainFrame:145 - AppUserModelID : STM32CubeMX.6.16.1-RC2
2026-01-22 16:11:14,211 DEBUG [LineInfo_to_exitCode.log_LineInfo] 2026-01-22 16:11:14,210 [INFO] DbMcusXml:78 - Set database path to: C:\Users\cc_fang\AppData\Local\Programs\STM32CubeMX\\db\/mcu/
2026-01-22 16:11:14,211 DEBUG [LineInfo_to_exitCode.log_LineInfo] 2026-01-22 16:11:14,211 [INFO] ApiDb:274 - Set plugin database path to: C:\Users\cc_fang\AppData\Local\Programs\STM32CubeMX\\db\/plugins/boardmanager/
2026-01-22 16:11:14,212 DEBUG [LineInfo_to_exitCode.log_LineInfo] 2026-01-22 16:11:14,211 [INFO] ApiDb:261 - Set plugin images path to: C:\Users\cc_fang\AppData\Local\Programs\STM32CubeMX\\db\/plugins/mcufinder/images/
2026-01-22 16:11:14,212 DEBUG [LineInfo_to_exitCode.log_LineInfo] 2026-01-22 16:11:14,212 [INFO] ApiDb:250 - Set database path to: C:\Users\cc_fang\.stmcufinder\plugins\mcufinder//mcu/
2026-01-22 16:11:14,213 DEBUG [LineInfo_to_exitCode.log_LineInfo] 2026-01-22 16:11:14,213 [INFO] DbMcusAds:125 - Set database path to: C:\Users\cc_fang\.stmcufinder\plugins\mcufinder//mcu/
2026-01-22 16:11:14,214 DEBUG [LineInfo_to_exitCode.log_LineInfo] 2026-01-22 16:11:14,213 [INFO] CrossReferenceDbSqlite:203 - Set database path to: C:\Users\cc_fang\.stmcufinder\plugins\mcufinder//mcu/cs/
2026-01-22 16:11:14,255 DEBUG [LineInfo_to_exitCode.log_LineInfo] 2026-01-22 16:11:14,255 [INFO] ApplicationProperties:184 - Using Application install path: C:\Users\cc_fang\AppData\Local\Programs\STM32CubeMX
2026-01-22 16:11:14,257 DEBUG [LineInfo_to_exitCode.log_LineInfo] 2026-01-22 16:11:14,256 [INFO] PluginManage:196 - Search for loadable plugins [exclusion list=, ]
2026-01-22 16:11:14,258 DEBUG [LineInfo_to_exitCode.log_LineInfo] 2026-01-22 16:11:14,258 [INFO] PluginManage:310 - Check plugin analytics
2026-01-22 16:11:14,770 DEBUG [LineInfo_to_exitCode.log_LineInfo] 2026-01-22 16:11:14,769 [INFO] AnalyticsPlugin:253 - Accepted Software Licenses: STM32CubeMX.6.14.0,STM32CubeMX.6.14.1,STM32CubeMX.6.15.0,STM32CubeMX.6.16.0,STM32CubeMX.6.16.1
2026-01-22 16:11:14,771 DEBUG [LineInfo_to_exitCode.log_LineInfo] 2026-01-22 16:11:14,770 [INFO] AnalyticsPlugin:255 - Accepted CMSIS Pack Licenses: STMicroelectronics.X-CUBE-AI.10.1.0,STMicroelectronics.X-CUBE-AI.10.2.0
2026-01-22 16:11:14,771 DEBUG [LineInfo_to_exitCode.log_LineInfo] 2026-01-22 16:11:14,771 [INFO] AnalyticsPlugin:257 - Accepted Firmware Licenses: FW.F4.1.28.0,FW.G4.1.6.0,FW.L4.1.18.0
2026-01-22 16:11:14,777 DEBUG [LineInfo_to_exitCode.log_LineInfo] 2026-01-22 16:11:14,777 [INFO] PluginManage:359 - Loaded plugin analytics (category:tool,tabindex:-1)
2026-01-22 16:11:14,778 DEBUG [LineInfo_to_exitCode.log_LineInfo] 2026-01-22 16:11:14,777 [INFO] PluginManage:310 - Check plugin cadmodel
2026-01-22 16:11:14,890 DEBUG [LineInfo_to_exitCode.log_LineInfo] 2026-01-22 16:11:14,890 [INFO] CADModel:105 - Init CAD model plugin
2026-01-22 16:11:14,891 DEBUG [LineInfo_to_exitCode.log_LineInfo] 2026-01-22 16:11:14,890 [INFO] PluginManage:359 - Loaded plugin cadmodel (category:power,tabindex:5)
2026-01-22 16:11:14,891 DEBUG [LineInfo_to_exitCode.log_LineInfo] 2026-01-22 16:11:14,891 [INFO] PluginManage:310 - Check plugin clock
2026-01-22 16:11:14,919 DEBUG [LineInfo_to_exitCode.log_LineInfo] 2026-01-22 16:11:14,918 [INFO] PluginManage:359 - Loaded plugin clock (category:base,tabindex:2)
2026-01-22 16:11:14,919 DEBUG [LineInfo_to_exitCode.log_LineInfo] 2026-01-22 16:11:14,919 [INFO] PluginManage:310 - Check plugin ddr
2026-01-22 16:11:14,948 DEBUG [LineInfo_to_exitCode.log_LineInfo] 2026-01-22 16:11:14,948 [INFO] PluginManage:359 - Loaded plugin ddr (category:tool,tabindex:6)
2026-01-22 16:11:14,949 DEBUG [LineInfo_to_exitCode.log_LineInfo] 2026-01-22 16:11:14,948 [INFO] PluginManage:310 - Check plugin filemanager
2026-01-22 16:11:15,139 DEBUG [LineInfo_to_exitCode.log_LineInfo] 2026-01-22 16:11:15,139 [INFO] PluginManage:359 - Loaded plugin filemanager (category:base,tabindex:10)
2026-01-22 16:11:15,140 DEBUG [LineInfo_to_exitCode.log_LineInfo] 2026-01-22 16:11:15,139 [INFO] PluginManage:310 - Check plugin ipmanager
2026-01-22 16:11:15,196 DEBUG [LineInfo_to_exitCode.log_LineInfo] 2026-01-22 16:11:15,195 [INFO] PluginManage:359 - Loaded plugin ipmanager (category:base,tabindex:5)
2026-01-22 16:11:15,196 DEBUG [LineInfo_to_exitCode.log_LineInfo] 2026-01-22 16:11:15,195 [INFO] PluginManage:310 - Check plugin lpbam
2026-01-22 16:11:15,221 DEBUG [LineInfo_to_exitCode.log_LineInfo] 2026-01-22 16:11:15,220 [INFO] PluginManage:359 - Loaded plugin lpbam (category:base,tabindex:0)
2026-01-22 16:11:15,221 DEBUG [LineInfo_to_exitCode.log_LineInfo] 2026-01-22 16:11:15,220 [INFO] PluginManage:310 - Check plugin memorymap
2026-01-22 16:11:15,255 DEBUG [LineInfo_to_exitCode.log_LineInfo] 2026-01-22 16:11:15,255 [INFO] PluginManage:359 - Loaded plugin memorymap (category:base,tabindex:4)
2026-01-22 16:11:15,256 DEBUG [LineInfo_to_exitCode.log_LineInfo] 2026-01-22 16:11:15,255 [INFO] PluginManage:310 - Check plugin pinoutandconfiguration
2026-01-22 16:11:15,283 DEBUG [LineInfo_to_exitCode.log_LineInfo] 2026-01-22 16:11:15,282 [INFO] PluginManage:359 - Loaded plugin pinoutandconfiguration (category:base,tabindex:1)
2026-01-22 16:11:15,283 DEBUG [LineInfo_to_exitCode.log_LineInfo] 2026-01-22 16:11:15,283 [INFO] PluginManage:310 - Check plugin pinoutconfig
2026-01-22 16:11:15,652 DEBUG [LineInfo_to_exitCode.log_LineInfo] 2026-01-22 16:11:15,652 [INFO] PluginManage:359 - Loaded plugin pinoutconfig (category:base,tabindex:0)
2026-01-22 16:11:15,653 DEBUG [LineInfo_to_exitCode.log_LineInfo] 2026-01-22 16:11:15,652 [INFO] PluginManage:310 - Check plugin power
2026-01-22 16:11:15,684 DEBUG [LineInfo_to_exitCode.log_LineInfo] 2026-01-22 16:11:15,684 [INFO] PluginManage:359 - Loaded plugin power (category:power,tabindex:4)
2026-01-22 16:11:15,685 DEBUG [LineInfo_to_exitCode.log_LineInfo] 2026-01-22 16:11:15,684 [INFO] PluginManage:310 - Check plugin projectmanager
2026-01-22 16:11:15,785 DEBUG [LineInfo_to_exitCode.log_LineInfo] 2026-01-22 16:11:15,785 [INFO] PluginManage:359 - Loaded plugin projectmanager (category:projectmanager,tabindex:4)
2026-01-22 16:11:15,786 DEBUG [LineInfo_to_exitCode.log_LineInfo] 2026-01-22 16:11:15,785 [INFO] PluginManage:310 - Check plugin rif
2026-01-22 16:11:15,841 DEBUG [LineInfo_to_exitCode.log_LineInfo] 2026-01-22 16:11:15,840 [INFO] PluginManage:359 - Loaded plugin rif (category:base,tabindex:3)
2026-01-22 16:11:15,841 DEBUG [LineInfo_to_exitCode.log_LineInfo] 2026-01-22 16:11:15,841 [INFO] PluginManage:310 - Check plugin thirdparty
2026-01-22 16:11:16,109 DEBUG [LineInfo_to_exitCode.log_LineInfo] 2026-01-22 16:11:16,109 [INFO] PluginManage:359 - Loaded plugin thirdparty (category:base,tabindex:-1)
2026-01-22 16:11:16,110 DEBUG [LineInfo_to_exitCode.log_LineInfo] 2026-01-22 16:11:16,109 [INFO] PluginManage:310 - Check plugin tools
2026-01-22 16:11:16,110 DEBUG [LineInfo_to_exitCode.log_LineInfo] 2026-01-22 16:11:16,110 [INFO] IntegrityCheckThread:86 - entering critical section [integrity check]
2026-01-22 16:11:16,111 DEBUG [LineInfo_to_exitCode.log_LineInfo] 2026-01-22 16:11:16,110 [INFO] ThirdPartyUpdaterWithRetryManager:70 - Updater plugin not ready yet. [1/15]
2026-01-22 16:11:16,126 DEBUG [LineInfo_to_exitCode.log_LineInfo] 2026-01-22 16:11:16,126 [INFO] PluginManage:359 - Loaded plugin tools (category:base,tabindex:7)
2026-01-22 16:11:16,127 DEBUG [LineInfo_to_exitCode.log_LineInfo] 2026-01-22 16:11:16,126 [INFO] PluginManage:310 - Check plugin tutovideos
2026-01-22 16:11:16,382 DEBUG [LineInfo_to_exitCode.log_LineInfo] 2026-01-22 16:11:16,382 [INFO] PluginManage:359 - Loaded plugin tutovideos (category:base,tabindex:-1)
2026-01-22 16:11:16,383 DEBUG [LineInfo_to_exitCode.log_LineInfo] 2026-01-22 16:11:16,382 [INFO] PluginManage:310 - Check plugin updater
2026-01-22 16:11:16,408 DEBUG [LineInfo_to_exitCode.log_LineInfo] 2026-01-22 16:11:16,408 [INFO] PluginManage:359 - Loaded plugin updater (category:base,tabindex:12)
2026-01-22 16:11:16,409 DEBUG [LineInfo_to_exitCode.log_LineInfo] 2026-01-22 16:11:16,408 [INFO] PluginManage:310 - Check plugin userauth
2026-01-22 16:11:16,430 DEBUG [LineInfo_to_exitCode.log_LineInfo] 2026-01-22 16:11:16,429 [INFO] UserAuth:71 - Init User Auth plugin
2026-01-22 16:11:16,430 DEBUG [LineInfo_to_exitCode.log_LineInfo] 2026-01-22 16:11:16,430 [INFO] PluginManage:359 - Loaded plugin userauth (category:base,tabindex:14)
2026-01-22 16:11:16,431 DEBUG [LineInfo_to_exitCode.log_LineInfo] 2026-01-22 16:11:16,430 [INFO] PluginManage:283 - PluginManage : Loaded plugins [18]
2026-01-22 16:11:16,943 DEBUG [LineInfo_to_exitCode.log_LineInfo] 2026-01-22 16:11:16,943 [INFO] PinOutPanel:1590 - setPackage(No Configuration,No Configuration)
2026-01-22 16:11:17,225 DEBUG [LineInfo_to_exitCode.log_LineInfo] 2026-01-22 16:11:17,225 [INFO] CADModel:165 - CPN selected for project level
2026-01-22 16:11:17,226 DEBUG [LineInfo_to_exitCode.log_LineInfo] 2026-01-22 16:11:17,225 [INFO] CADModel:114 - Register for checkConnection events
2026-01-22 16:11:17,263 DEBUG [LineInfo_to_exitCode.log_LineInfo] 2026-01-22 16:11:17,263 [INFO] IPUIPlugin:80 - create IPUIPlugin
2026-01-22 16:11:17,265 DEBUG [LineInfo_to_exitCode.log_LineInfo] 2026-01-22 16:11:17,263 [INFO] PluginManager:220 - loadIPPluginJar : add adc
2026-01-22 16:11:17,279 DEBUG [LineInfo_to_exitCode.log_LineInfo] 2026-01-22 16:11:17,278 [INFO] IPUIPlugin:80 - create IPUIPlugin
2026-01-22 16:11:17,280 DEBUG [LineInfo_to_exitCode.log_LineInfo] 2026-01-22 16:11:17,278 [INFO] PluginManager:220 - loadIPPluginJar : add aes
2026-01-22 16:11:17,297 DEBUG [LineInfo_to_exitCode.log_LineInfo] 2026-01-22 16:11:17,296 [INFO] IPUIPlugin:80 - create IPUIPlugin
2026-01-22 16:11:17,297 DEBUG [LineInfo_to_exitCode.log_LineInfo] 2026-01-22 16:11:17,297 [INFO] PluginManager:220 - loadIPPluginJar : add can
2026-01-22 16:11:17,309 DEBUG [LineInfo_to_exitCode.log_LineInfo] 2026-01-22 16:11:17,309 [INFO] IPUIPlugin:80 - create IPUIPlugin
2026-01-22 16:11:17,310 DEBUG [LineInfo_to_exitCode.log_LineInfo] 2026-01-22 16:11:17,309 [INFO] PluginManager:220 - loadIPPluginJar : add comp
2026-01-22 16:11:17,326 DEBUG [LineInfo_to_exitCode.log_LineInfo] 2026-01-22 16:11:17,325 [INFO] IPUIPlugin:80 - create IPUIPlugin
2026-01-22 16:11:17,326 DEBUG [LineInfo_to_exitCode.log_LineInfo] 2026-01-22 16:11:17,326 [INFO] PluginManager:220 - loadIPPluginJar : add cryp
2026-01-22 16:11:17,367 DEBUG [LineInfo_to_exitCode.log_LineInfo] 2026-01-22 16:11:17,366 [INFO] IPUIPlugin:80 - create IPUIPlugin
2026-01-22 16:11:17,367 DEBUG [LineInfo_to_exitCode.log_LineInfo] 2026-01-22 16:11:17,366 [INFO] PluginManager:220 - loadIPPluginJar : add ddr_ctrl_phy
2026-01-22 16:11:17,381 DEBUG [LineInfo_to_exitCode.log_LineInfo] 2026-01-22 16:11:17,380 [INFO] IPUIPlugin:80 - create IPUIPlugin
2026-01-22 16:11:17,382 DEBUG [LineInfo_to_exitCode.log_LineInfo] 2026-01-22 16:11:17,381 [INFO] PluginManager:220 - loadIPPluginJar : add dfsdm
2026-01-22 16:11:17,405 DEBUG [LineInfo_to_exitCode.log_LineInfo] 2026-01-22 16:11:17,405 [INFO] IPUIPlugin:80 - create IPUIPlugin
2026-01-22 16:11:17,406 DEBUG [LineInfo_to_exitCode.log_LineInfo] 2026-01-22 16:11:17,405 [INFO] PluginManager:220 - loadIPPluginJar : add dma
2026-01-22 16:11:17,425 DEBUG [LineInfo_to_exitCode.log_LineInfo] 2026-01-22 16:11:17,424 [INFO] IPUIPlugin:80 - create IPUIPlugin
2026-01-22 16:11:17,425 DEBUG [LineInfo_to_exitCode.log_LineInfo] 2026-01-22 16:11:17,424 [INFO] PluginManager:220 - loadIPPluginJar : add dma3
2026-01-22 16:11:17,440 DEBUG [LineInfo_to_exitCode.log_LineInfo] 2026-01-22 16:11:17,440 [INFO] IPUIPlugin:80 - create IPUIPlugin
2026-01-22 16:11:17,441 DEBUG [LineInfo_to_exitCode.log_LineInfo] 2026-01-22 16:11:17,440 [INFO] PluginManager:220 - loadIPPluginJar : add extmemmanager
2026-01-22 16:11:17,453 DEBUG [LineInfo_to_exitCode.log_LineInfo] 2026-01-22 16:11:17,453 [INFO] IPUIPlugin:80 - create IPUIPlugin
2026-01-22 16:11:17,453 DEBUG [LineInfo_to_exitCode.log_LineInfo] 2026-01-22 16:11:17,453 [INFO] PluginManager:220 - loadIPPluginJar : add fatfs
2026-01-22 16:11:17,473 DEBUG [LineInfo_to_exitCode.log_LineInfo] 2026-01-22 16:11:17,473 [INFO] IPUIPlugin:80 - create IPUIPlugin
2026-01-22 16:11:17,474 DEBUG [LineInfo_to_exitCode.log_LineInfo] 2026-01-22 16:11:17,473 [INFO] PluginManager:220 - loadIPPluginJar : add fmc
2026-01-22 16:11:17,500 DEBUG [LineInfo_to_exitCode.log_LineInfo] 2026-01-22 16:11:17,500 [INFO] IPUIPlugin:80 - create IPUIPlugin
2026-01-22 16:11:17,501 DEBUG [LineInfo_to_exitCode.log_LineInfo] 2026-01-22 16:11:17,500 [INFO] PluginManager:220 - loadIPPluginJar : add freertos
2026-01-22 16:11:17,510 DEBUG [LineInfo_to_exitCode.log_LineInfo] 2026-01-22 16:11:17,510 [INFO] IPUIPlugin:80 - create IPUIPlugin
2026-01-22 16:11:17,511 DEBUG [LineInfo_to_exitCode.log_LineInfo] 2026-01-22 16:11:17,510 [INFO] PluginManager:220 - loadIPPluginJar : add genericplugin
2026-01-22 16:11:17,531 DEBUG [LineInfo_to_exitCode.log_LineInfo] 2026-01-22 16:11:17,530 [INFO] IPUIPlugin:80 - create IPUIPlugin
2026-01-22 16:11:17,531 DEBUG [LineInfo_to_exitCode.log_LineInfo] 2026-01-22 16:11:17,530 [INFO] PluginManager:220 - loadIPPluginJar : add gfxmmu
2026-01-22 16:11:17,554 DEBUG [LineInfo_to_exitCode.log_LineInfo] 2026-01-22 16:11:17,554 [INFO] IPUIPlugin:80 - create IPUIPlugin
2026-01-22 16:11:17,555 DEBUG [LineInfo_to_exitCode.log_LineInfo] 2026-01-22 16:11:17,554 [INFO] PluginManager:220 - loadIPPluginJar : add gic
2026-01-22 16:11:17,577 DEBUG [LineInfo_to_exitCode.log_LineInfo] 2026-01-22 16:11:17,576 [INFO] IPUIPlugin:80 - create IPUIPlugin
2026-01-22 16:11:17,577 DEBUG [LineInfo_to_exitCode.log_LineInfo] 2026-01-22 16:11:17,577 [INFO] PluginManager:220 - loadIPPluginJar : add gpio
2026-01-22 16:11:17,604 DEBUG [LineInfo_to_exitCode.log_LineInfo] 2026-01-22 16:11:17,604 [INFO] IPUIPlugin:80 - create IPUIPlugin
2026-01-22 16:11:17,604 DEBUG [LineInfo_to_exitCode.log_LineInfo] 2026-01-22 16:11:17,604 [INFO] PluginManager:220 - loadIPPluginJar : add gtzc
2026-01-22 16:11:17,620 DEBUG [LineInfo_to_exitCode.log_LineInfo] 2026-01-22 16:11:17,619 [INFO] IPUIPlugin:80 - create IPUIPlugin
2026-01-22 16:11:17,620 DEBUG [LineInfo_to_exitCode.log_LineInfo] 2026-01-22 16:11:17,619 [INFO] PluginManager:220 - loadIPPluginJar : add hash
2026-01-22 16:11:17,641 DEBUG [LineInfo_to_exitCode.log_LineInfo] 2026-01-22 16:11:17,641 [INFO] IPUIPlugin:80 - create IPUIPlugin
2026-01-22 16:11:17,641 DEBUG [LineInfo_to_exitCode.log_LineInfo] 2026-01-22 16:11:17,641 [INFO] PluginManager:220 - loadIPPluginJar : add i2c
2026-01-22 16:11:17,660 DEBUG [LineInfo_to_exitCode.log_LineInfo] 2026-01-22 16:11:17,659 [INFO] IPUIPlugin:80 - create IPUIPlugin
2026-01-22 16:11:17,660 DEBUG [LineInfo_to_exitCode.log_LineInfo] 2026-01-22 16:11:17,660 [INFO] PluginManager:220 - loadIPPluginJar : add i2s
2026-01-22 16:11:17,680 DEBUG [LineInfo_to_exitCode.log_LineInfo] 2026-01-22 16:11:17,679 [INFO] IPUIPlugin:80 - create IPUIPlugin
2026-01-22 16:11:17,680 DEBUG [LineInfo_to_exitCode.log_LineInfo] 2026-01-22 16:11:17,680 [INFO] PluginManager:220 - loadIPPluginJar : add i3c
2026-01-22 16:11:17,708 DEBUG [LineInfo_to_exitCode.log_LineInfo] 2026-01-22 16:11:17,708 [INFO] IPUIPlugin:80 - create IPUIPlugin
2026-01-22 16:11:17,708 DEBUG [LineInfo_to_exitCode.log_LineInfo] 2026-01-22 16:11:17,708 [INFO] PluginManager:220 - loadIPPluginJar : add ipddr
2026-01-22 16:11:17,733 DEBUG [LineInfo_to_exitCode.log_LineInfo] 2026-01-22 16:11:17,733 [INFO] IPUIPlugin:80 - create IPUIPlugin
2026-01-22 16:11:17,733 DEBUG [LineInfo_to_exitCode.log_LineInfo] 2026-01-22 16:11:17,733 [INFO] PluginManager:220 - loadIPPluginJar : add linkedlist
2026-01-22 16:11:17,751 DEBUG [LineInfo_to_exitCode.log_LineInfo] 2026-01-22 16:11:17,751 [INFO] IPUIPlugin:80 - create IPUIPlugin
2026-01-22 16:11:17,752 DEBUG [LineInfo_to_exitCode.log_LineInfo] 2026-01-22 16:11:17,751 [INFO] PluginManager:220 - loadIPPluginJar : add lorawan
2026-01-22 16:11:17,769 DEBUG [LineInfo_to_exitCode.log_LineInfo] 2026-01-22 16:11:17,769 [INFO] IPUIPlugin:80 - create IPUIPlugin
2026-01-22 16:11:17,770 DEBUG [LineInfo_to_exitCode.log_LineInfo] 2026-01-22 16:11:17,769 [INFO] PluginManager:220 - loadIPPluginJar : add ltdc
2026-01-22 16:11:17,791 DEBUG [LineInfo_to_exitCode.log_LineInfo] 2026-01-22 16:11:17,791 [INFO] IPUIPlugin:80 - create IPUIPlugin
2026-01-22 16:11:17,791 DEBUG [LineInfo_to_exitCode.log_LineInfo] 2026-01-22 16:11:17,791 [INFO] PluginManager:220 - loadIPPluginJar : add mdma
2026-01-22 16:11:17,811 DEBUG [LineInfo_to_exitCode.log_LineInfo] 2026-01-22 16:11:17,810 [INFO] IPUIPlugin:80 - create IPUIPlugin
2026-01-22 16:11:17,812 DEBUG [LineInfo_to_exitCode.log_LineInfo] 2026-01-22 16:11:17,811 [INFO] PluginManager:220 - loadIPPluginJar : add nvic
2026-01-22 16:11:17,831 DEBUG [LineInfo_to_exitCode.log_LineInfo] 2026-01-22 16:11:17,830 [INFO] IPUIPlugin:80 - create IPUIPlugin
2026-01-22 16:11:17,832 DEBUG [LineInfo_to_exitCode.log_LineInfo] 2026-01-22 16:11:17,830 [INFO] PluginManager:220 - loadIPPluginJar : add opamp
2026-01-22 16:11:17,858 DEBUG [LineInfo_to_exitCode.log_LineInfo] 2026-01-22 16:11:17,857 [INFO] IPUIPlugin:80 - create IPUIPlugin
2026-01-22 16:11:17,858 DEBUG [LineInfo_to_exitCode.log_LineInfo] 2026-01-22 16:11:17,858 [INFO] PluginManager:220 - loadIPPluginJar : add openamp
2026-01-22 16:11:17,882 DEBUG [LineInfo_to_exitCode.log_LineInfo] 2026-01-22 16:11:17,882 [INFO] IPUIPlugin:80 - create IPUIPlugin
2026-01-22 16:11:17,883 DEBUG [LineInfo_to_exitCode.log_LineInfo] 2026-01-22 16:11:17,882 [INFO] PluginManager:220 - loadIPPluginJar : add pdm2pcm
2026-01-22 16:11:17,907 DEBUG [LineInfo_to_exitCode.log_LineInfo] 2026-01-22 16:11:17,906 [INFO] IPUIPlugin:80 - create IPUIPlugin
2026-01-22 16:11:17,909 DEBUG [LineInfo_to_exitCode.log_LineInfo] 2026-01-22 16:11:17,909 [INFO] PluginManager:220 - loadIPPluginJar : add plateformsettings
2026-01-22 16:11:17,923 DEBUG [LineInfo_to_exitCode.log_LineInfo] 2026-01-22 16:11:17,923 [INFO] IPUIPlugin:80 - create IPUIPlugin
2026-01-22 16:11:17,924 DEBUG [LineInfo_to_exitCode.log_LineInfo] 2026-01-22 16:11:17,923 [INFO] PluginManager:220 - loadIPPluginJar : add quadspi
2026-01-22 16:11:17,939 DEBUG [LineInfo_to_exitCode.log_LineInfo] 2026-01-22 16:11:17,938 [INFO] IPUIPlugin:80 - create IPUIPlugin
2026-01-22 16:11:17,940 DEBUG [LineInfo_to_exitCode.log_LineInfo] 2026-01-22 16:11:17,939 [INFO] PluginManager:220 - loadIPPluginJar : add radio
2026-01-22 16:11:17,967 DEBUG [LineInfo_to_exitCode.log_LineInfo] 2026-01-22 16:11:17,967 [INFO] IPUIPlugin:80 - create IPUIPlugin
2026-01-22 16:11:17,968 DEBUG [LineInfo_to_exitCode.log_LineInfo] 2026-01-22 16:11:17,967 [INFO] PluginManager:220 - loadIPPluginJar : add resmgrutility
2026-01-22 16:11:17,988 DEBUG [LineInfo_to_exitCode.log_LineInfo] 2026-01-22 16:11:17,988 [INFO] IPUIPlugin:80 - create IPUIPlugin
2026-01-22 16:11:17,988 DEBUG [LineInfo_to_exitCode.log_LineInfo] 2026-01-22 16:11:17,988 [INFO] PluginManager:220 - loadIPPluginJar : add sai
2026-01-22 16:11:18,004 DEBUG [LineInfo_to_exitCode.log_LineInfo] 2026-01-22 16:11:18,003 [INFO] IPUIPlugin:80 - create IPUIPlugin
2026-01-22 16:11:18,004 DEBUG [LineInfo_to_exitCode.log_LineInfo] 2026-01-22 16:11:18,003 [INFO] PluginManager:220 - loadIPPluginJar : add spi
2026-01-22 16:11:18,032 DEBUG [LineInfo_to_exitCode.log_LineInfo] 2026-01-22 16:11:18,031 [INFO] IPUIPlugin:80 - create IPUIPlugin
2026-01-22 16:11:18,032 DEBUG [LineInfo_to_exitCode.log_LineInfo] 2026-01-22 16:11:18,032 [INFO] PluginManager:220 - loadIPPluginJar : add stm32_wpan
2026-01-22 16:11:18,044 DEBUG [LineInfo_to_exitCode.log_LineInfo] 2026-01-22 16:11:18,043 [INFO] IPUIPlugin:80 - create IPUIPlugin
2026-01-22 16:11:18,044 DEBUG [LineInfo_to_exitCode.log_LineInfo] 2026-01-22 16:11:18,044 [INFO] PluginManager:220 - loadIPPluginJar : add tim
2026-01-22 16:11:18,068 DEBUG [LineInfo_to_exitCode.log_LineInfo] 2026-01-22 16:11:18,068 [INFO] IPUIPlugin:80 - create IPUIPlugin
2026-01-22 16:11:18,068 DEBUG [LineInfo_to_exitCode.log_LineInfo] 2026-01-22 16:11:18,068 [INFO] PluginManager:220 - loadIPPluginJar : add touchsensing
2026-01-22 16:11:18,082 DEBUG [LineInfo_to_exitCode.log_LineInfo] 2026-01-22 16:11:18,082 [INFO] IPUIPlugin:80 - create IPUIPlugin
2026-01-22 16:11:18,083 DEBUG [LineInfo_to_exitCode.log_LineInfo] 2026-01-22 16:11:18,082 [INFO] PluginManager:220 - loadIPPluginJar : add tracer_emb
2026-01-22 16:11:18,093 DEBUG [LineInfo_to_exitCode.log_LineInfo] 2026-01-22 16:11:18,092 [INFO] IPUIPlugin:80 - create IPUIPlugin
2026-01-22 16:11:18,093 DEBUG [LineInfo_to_exitCode.log_LineInfo] 2026-01-22 16:11:18,093 [INFO] PluginManager:220 - loadIPPluginJar : add ts
2026-01-22 16:11:18,105 DEBUG [LineInfo_to_exitCode.log_LineInfo] 2026-01-22 16:11:18,104 [INFO] IPUIPlugin:80 - create IPUIPlugin
2026-01-22 16:11:18,105 DEBUG [LineInfo_to_exitCode.log_LineInfo] 2026-01-22 16:11:18,105 [INFO] PluginManager:220 - loadIPPluginJar : add tsc
2026-01-22 16:11:18,117 DEBUG [LineInfo_to_exitCode.log_LineInfo] 2026-01-22 16:11:18,117 [INFO] IPUIPlugin:80 - create IPUIPlugin
2026-01-22 16:11:18,118 DEBUG [LineInfo_to_exitCode.log_LineInfo] 2026-01-22 16:11:18,117 [INFO] PluginManager:220 - loadIPPluginJar : add ucpd
2026-01-22 16:11:18,133 DEBUG [LineInfo_to_exitCode.log_LineInfo] 2026-01-22 16:11:18,133 [INFO] IPUIPlugin:80 - create IPUIPlugin
2026-01-22 16:11:18,134 DEBUG [LineInfo_to_exitCode.log_LineInfo] 2026-01-22 16:11:18,133 [INFO] PluginManager:220 - loadIPPluginJar : add usart
2026-01-22 16:11:18,151 DEBUG [LineInfo_to_exitCode.log_LineInfo] 2026-01-22 16:11:18,150 [INFO] IPUIPlugin:80 - create IPUIPlugin
2026-01-22 16:11:18,151 DEBUG [LineInfo_to_exitCode.log_LineInfo] 2026-01-22 16:11:18,150 [INFO] PluginManager:220 - loadIPPluginJar : add usbx
2026-01-22 16:11:18,219 DEBUG [LineInfo_to_exitCode.log_LineInfo] 2026-01-22 16:11:18,218 [INFO] Updater:1134 - Updater Version found : 6.16.1
2026-01-22 16:11:18,236 DEBUG [LineInfo_to_exitCode.log_LineInfo] 2026-01-22 16:11:18,236 [INFO] ApplicationProperties:184 - Using Application install path: C:\Users\cc_fang\AppData\Local\Programs\STM32CubeMX
2026-01-22 16:11:18,663 DEBUG [LineInfo_to_exitCode.log_LineInfo] 2026-01-22 16:11:18,662 [INFO] MainUpdater:2872 - connection check result : 10
2026-01-22 16:11:18,664 DEBUG [LineInfo_to_exitCode.log_LineInfo] 2026-01-22 16:11:18,664 [INFO] MainUpdater:289 - Updater Check For Update Now.
2026-01-22 16:11:18,664 DEBUG [LineInfo_to_exitCode.log_LineInfo] 2026-01-22 16:11:18,664 [INFO] MicroXplorer:498 - Change Database Version : DB.6.0.161
2026-01-22 16:11:18,912 DEBUG [LineInfo_to_exitCode.log_LineInfo] 2026-01-22 16:11:18,911 [INFO] RulesReader:64 - Compatibility file has been processed (318 Rules)
2026-01-22 16:11:18,925 DEBUG [LineInfo_to_exitCode.log_LineInfo] 2026-01-22 16:11:18,925 [INFO] RulesReader:64 - Compatibility file has been processed (318 Rules)
2026-01-22 16:11:18,935 DEBUG [LineInfo_to_exitCode.log_LineInfo] 2026-01-22 16:11:18,935 [INFO] CADModel:165 - CPN selected for project level
2026-01-22 16:11:18,936 DEBUG [LineInfo_to_exitCode.log_LineInfo] 2026-01-22 16:11:18,935 [INFO] CADModel:114 - Register for checkConnection events
2026-01-22 16:11:19,001 DEBUG [LineInfo_to_exitCode.log_LineInfo] 2026-01-22 16:11:19,000 [INFO] CheckServerUpdateThread:120 - End of CheckServer Thread
2026-01-22 16:11:19,184 DEBUG [LineInfo_to_exitCode.log_LineInfo] 2026-01-22 16:11:19,183 [INFO] CADModel:165 - CPN selected for project level
2026-01-22 16:11:19,184 DEBUG [LineInfo_to_exitCode.log_LineInfo] 2026-01-22 16:11:19,183 [INFO] CADModel:114 - Register for checkConnection events
2026-01-22 16:11:19,309 DEBUG [LineInfo_to_exitCode.log_LineInfo] 2026-01-22 16:11:19,308 [INFO] HomeAdPanel:117 - Auto-refresh data requested => check proxy status ongoing
2026-01-22 16:11:20,465 DEBUG [LineInfo_to_exitCode.log_LineInfo] 2026-01-22 16:11:20,465 [INFO] ServerAccessManage:452 - Complete download http(s) 200
2026-01-22 16:11:20,467 DEBUG [LineInfo_to_exitCode.log_LineInfo] 2026-01-22 16:11:20,465 [INFO] ServerAccessManage:509 - Download File 
2026-01-22 16:11:20,483 DEBUG [LineInfo_to_exitCode.log_LineInfo] 2026-01-22 16:11:20,483 [INFO] LoadUrlFilesThread:185 - End of LoadServerUrlFiles without Thread
2026-01-22 16:11:20,494 DEBUG [LineInfo_to_exitCode.log_LineInfo] 2026-01-22 16:11:20,493 [INFO] DbMcusAds:53 - JSON generation date=Thu Jan 08 23:56:32 CST 2026 (1767887792525)
2026-01-22 16:11:20,508 DEBUG [LineInfo_to_exitCode.log_LineInfo] 2026-01-22 16:11:20,508 [INFO] LoadUrlFilesThread:185 - End of LoadServerUrlFiles without Thread
2026-01-22 16:11:20,510 DEBUG [LineInfo_to_exitCode.log_LineInfo] 2026-01-22 16:11:20,508 [INFO] HomeAdPanel:128 - Refresh advertisement image is successful
2026-01-22 16:11:20,821 DEBUG [LineInfo_to_exitCode.log_LineInfo] 2026-01-22 16:11:20,821 [INFO] LoadUrlFilesThread:185 - End of LoadServerUrlFiles without Thread
2026-01-22 16:11:20,972 DEBUG [LineInfo_to_exitCode.log_LineInfo] 2026-01-22 16:11:20,971 [INFO] DetailPanel:341 - Set advertising image to C:/Users/cc_fang/STM32Cube/Repository/\en.prom-stm32mp21-0126.png
2026-01-22 16:11:21,306 DEBUG [LineInfo_to_exitCode.log_LineInfo] 2026-01-22 16:11:21,306 [INFO] LoadUrlFilesThread:185 - End of LoadServerUrlFiles without Thread
2026-01-22 16:11:22,021 DEBUG [LineInfo_to_exitCode.log_LineInfo] 2026-01-22 16:11:22,020 [INFO] LoadUrlFilesThread:185 - End of LoadServerUrlFiles without Thread
2026-01-22 16:11:22,022 DEBUG [LineInfo_to_exitCode.log_LineInfo] 2026-01-22 16:11:22,020 [INFO] DetailPanel:341 - Set advertising image to C:/Users/cc_fang/STM32Cube/Repository/\en.prom-stm32mp21-0126.png
2026-01-22 16:11:22,049 DEBUG [LineInfo_to_exitCode.log_LineInfo] 2026-01-22 16:11:22,049 [INFO] ServerAccessManage:452 - Complete download http(s) 200
2026-01-22 16:11:22,050 DEBUG [LineInfo_to_exitCode.log_LineInfo] 2026-01-22 16:11:22,049 [INFO] ServerAccessManage:509 - Download File 
2026-01-22 16:11:22,074 DEBUG [LineInfo_to_exitCode.log_LineInfo] 2026-01-22 16:11:22,074 [INFO] LoadUrlFilesThread:185 - End of LoadServerUrlFiles without Thread
2026-01-22 16:11:22,075 DEBUG [LineInfo_to_exitCode.log_LineInfo] 2026-01-22 16:11:22,074 [INFO] ComparatorMD5DB:85 - Refresh file md5.xml
2026-01-22 16:11:23,130 DEBUG [LineInfo_to_exitCode.log_LineInfo] 2026-01-22 16:11:23,129 [INFO] MainFrame:213 - [MX] HOME_PANEL == 6685917962700
2026-01-22 16:11:23,135 DEBUG [LineInfo_to_exitCode.log_LineInfo] 2026-01-22 16:11:23,134 [INFO] MainFrame:564 - Register for checkConnection events
2026-01-22 16:11:23,168 DEBUG [LineInfo_to_exitCode.log_LineInfo] 2026-01-22 16:11:23,167 [INFO] JxBrowserEngine:152 - Initiate JxBrowser Engine with user profile folder
2026-01-22 16:11:24,070 DEBUG [LineInfo_to_exitCode.log_LineInfo] 2026-01-22 16:11:24,069 [INFO] MicroXplorer:468 - Change Database Path : 
2026-01-22 16:11:24,071 DEBUG [LineInfo_to_exitCode.log_LineInfo] 2026-01-22 16:11:24,070 [INFO] MicroXplorer:498 - Change Database Version : DB.6.0.161
2026-01-22 16:11:26,102 DEBUG [LineInfo_to_exitCode.log_LineInfo] 2026-01-22 16:11:26,102 [INFO] WebApp:108 - Instantiating new browser for Auth
2026-01-22 16:11:27,013 DEBUG [LineInfo_to_exitCode.log_LineInfo] 2026-01-22 16:11:27,012 [INFO] ThirdParty:978 - Integrity check success = true
2026-01-22 16:11:27,013 DEBUG [LineInfo_to_exitCode.log_LineInfo] 2026-01-22 16:11:27,012 [INFO] IntegrityCheckThread:100 - exiting critical section [integrity check]
2026-01-22 16:11:27,014 DEBUG [LineInfo_to_exitCode.log_LineInfo] 2026-01-22 16:11:27,012 [INFO] IntegrityCheckThread:103 - End integrity checks thread
2026-01-22 16:11:27,014 DEBUG [LineInfo_to_exitCode.log_LineInfo] 2026-01-22 16:11:27,013 [INFO] ThirdParty:873 - entering critical section [close project]
2026-01-22 16:11:27,016 DEBUG [LineInfo_to_exitCode.log_LineInfo] 2026-01-22 16:11:27,015 [INFO] ThirdParty:883 - exiting critical section [close project]
2026-01-22 16:11:27,019 DEBUG [LineInfo_to_exitCode.log_LineInfo] 2026-01-22 16:11:27,019 [INFO] PinOutPanel:1590 - setPackage(No Configuration,No Configuration)
2026-01-22 16:11:27,109 DEBUG [LineInfo_to_exitCode.log_LineInfo] 2026-01-22 16:11:27,107 [INFO] UtilMem:75 - Begin LoadConfig() Used Memory: 158600216 Bytes (291504128)
2026-01-22 16:11:27,116 DEBUG [LineInfo_to_exitCode.log_LineInfo] 2026-01-22 16:11:27,116 [INFO] MicroXplorer:468 - Change Database Path : 
2026-01-22 16:11:27,117 DEBUG [LineInfo_to_exitCode.log_LineInfo] 2026-01-22 16:11:27,116 [INFO] MicroXplorer:498 - Change Database Version : DB.6.0.161
2026-01-22 16:11:27,117 DEBUG [LineInfo_to_exitCode.log_LineInfo] 2026-01-22 16:11:27,117 [INFO] OpenFileManager:355 - Change cursor
2026-01-22 16:11:27,196 DEBUG [LineInfo_to_exitCode.log_LineInfo] 2026-01-22 16:11:27,196 [INFO] Mcu:2029 - Initializing MCU STM32G474R(B-C-E)Tx STM32G474RETx 
2026-01-22 16:11:27,447 DEBUG [LineInfo_to_exitCode.log_LineInfo] 2026-01-22 16:11:27,446 [INFO] WebApp:239 - Apply proxy settings
2026-01-22 16:11:27,447 DEBUG [LineInfo_to_exitCode.log_LineInfo] 2026-01-22 16:11:27,447 [INFO] WebApp:311 - Chromium requires no authentication
2026-01-22 16:11:27,456 DEBUG [LineInfo_to_exitCode.log_LineInfo] 2026-01-22 16:11:27,455 [INFO] ApiDb:581 - Connected to CubeFinder SQLite database (C:\Users\cc_fang\.stmcufinder\plugins\mcufinder\mcu\cube-finder-db.db)
2026-01-22 16:11:27,462 DEBUG [LineInfo_to_exitCode.log_LineInfo] 2026-01-22 16:11:27,462 [INFO] WebApp:267 - Direct internet connection detected
2026-01-22 16:11:27,465 DEBUG [LineInfo_to_exitCode.log_LineInfo] 2026-01-22 16:11:27,465 [INFO] WebApp:370 - Register for checkConnection events
2026-01-22 16:11:27,589 DEBUG [LineInfo_to_exitCode.log_LineInfo] 2026-01-22 16:11:27,589 [INFO] ApiDb:668 - CubeFinder database Data Model version=2.1
2026-01-22 16:11:27,590 DEBUG [LineInfo_to_exitCode.log_LineInfo] 2026-01-22 16:11:27,589 [INFO] ApiDb:669 - CubeFinder database Configuration version=3.0.39
2026-01-22 16:11:27,591 DEBUG [LineInfo_to_exitCode.log_LineInfo] 2026-01-22 16:11:27,591 [INFO] ApiDb:670 - CubeFinder database generation date=2025-12-22 (1766407740)
2026-01-22 16:11:27,592 DEBUG [LineInfo_to_exitCode.log_LineInfo] 2026-01-22 16:11:27,591 [INFO] ApiDb:671 - CubeFinder database FW Pack versions=[FP-ATR-ASTRA1_V2.0.0, FP-SNS-FLIGHT1_V5.1.0, FP-SNS-MOTENV1_V5.1.0, FP-SNS-MOTENVWB1_V1.4.0, FP-SNS-SMARTAG2_V1.2.0, FP-SNS-STBOX1_V2.1.0, STM32Cube_FW_C0_V1.4.0, STM32Cube_FW_F4_V1.28.3, STM32Cube_FW_F7_V1.17.4, STM32Cube_FW_G0_V1.6.2, STM32Cube_FW_G4_V1.6.1, STM32Cube_FW_H5_V1.5.1, STM32Cube_FW_H7RS_V1.3.0, STM32Cube_FW_H7_V1.12.1, STM32Cube_FW_L0_V1.12.2, STM32Cube_FW_L4_V1.18.1, STM32Cube_FW_L5_V1.6.0, STM32Cube_FW_N6_V1.3.0, STM32Cube_FW_U0_V1.3.0, STM32Cube_FW_U3_V1.2.1, STM32Cube_FW_U5_V1.8.0, STM32Cube_FW_WB0_V1.4.0, STM32Cube_FW_WBA_V1.8.0, STM32Cube_FW_WB_V1.24.0, STM32Cube_FW_WL3_V1.3.0, STM32Cube_FW_WL_V1.4.0, X-CUBE-ALGOBUILD_V1.4.0, X-CUBE-ALS_V1.0.2, X-CUBE-AZRTOS-F4_V1.1.0, X-CUBE-AZRTOS-F7_V1.1.0, X-CUBE-AZRTOS-G0_V1.1.0, X-CUBE-AZRTOS-G4_V2.0.0, X-CUBE-AZRTOS-H7RS_V1.1.0, X-CUBE-AZRTOS-H7_V3.4.0, X-CUBE-AZRTOS-L4_V2.0.0, X-CUBE-AZRTOS-L5_V2.0.0, X-CUBE-AZRTOS-WB_V2.0.0, X-CUBE-AZRTOS-WL_V2.0.0, X-CUBE-BLE1_V7.1.0, X-CUBE-BLE2_V3.3.0, X-CUBE-BLEMGR_V4.1.0, X-CUBE-EEPRMA1_V5.2.0, X-CUBE-FREERTOS_V1.3.1, X-CUBE-GNSS1_V6.0.0, X-CUBE-MEMS1_V12.0.0, X-CUBE-NFC4_V3.0.0, X-CUBE-NFC7_V2.0.0, X-CUBE-SFXS2LP1_V4.0.0, X-CUBE-ST67W61_V1.1.0, X-CUBE-SUBG2_V5.0.0, X-CUBE-TOF1_V3.4.3]
2026-01-22 16:11:27,770 DEBUG [LineInfo_to_exitCode.log_LineInfo] 2026-01-22 16:11:27,769 [INFO] WebApp:128 - Connection restablished
2026-01-22 16:11:33,378 DEBUG [LineInfo_to_exitCode.log_LineInfo] 2026-01-22 16:11:33,377 [INFO] ApiDb:240 - Found 894 in-development CPN: [B-G473E-ZEST1S, B-WB1M-WPAN1, B-WBA5M-WPAN, B-WBA6M-WPAN, B-WL5M-SUBG1, NUCLEO-C031C6, NUCLEO-C051C8, NUCLEO-C071RB, NUCLEO-C092RC, NUCLEO-H503RB, NUCLEO-H533RE, NUCLEO-H563ZI, NUCLEO-H7S3L8, NUCLEO-N657X0-Q, NUCLEO-U031R8, NUCLEO-U083RC, NUCLEO-U385RG-Q, NUCLEO-U545RE-Q, NUCLEO-U5A5ZJ-Q, NUCLEO-WB05KZ, NUCLEO-WB07CC, NUCLEO-WB09KE, NUCLEO-WBA52CG, NUCLEO-WBA55CG, NUCLEO-WL33CC1, NUCLEO-WL33CC2, NUCLEO-WL3RKB1, NUCLEO-WL3RKB2, STEVAL-PROTEUS1, STEVAL-SMARTAG2, STEVAL-STWINBX1, STM320518-EVAL, STM32C0116-DK, STM32C011D6Y3TR, STM32C011D6Y6TR, STM32C011F4P3, STM32C011F4P6, STM32C011F4U3, STM32C011F4U6TR, STM32C011F6P3, STM32C011F6P6, STM32C011F6U3, STM32C011F6U6TR, STM32C011J4M3, STM32C011J4M6, STM32C011J6M3, STM32C011J6M6, STM32C0316-DK, STM32C031C4T3, STM32C031C4T6, STM32C031C4U3, STM32C031C4U6, STM32C031C6T3, STM32C031C6T6, STM32C031C6U3, STM32C031C6U6, STM32C031F4P3, STM32C031F4P6, STM32C031F6P3, STM32C031F6P6, STM32C031G4U3, STM32C031G4U6, STM32C031G6U3, STM32C031G6U6, STM32C031K4T3, STM32C031K4T6, STM32C031K4U3, STM32C031K4U6, STM32C031K6T3, STM32C031K6T6, STM32C031K6U3, STM32C031K6U6, STM32C051C6T6, STM32C051C6U6, STM32C051C8T6, STM32C051C8U6, STM32C051D8Y6TR, STM32C051F6P6, STM32C051F8P6, STM32C051G6U6, STM32C051G8U6, STM32C051K6T6, STM32C051K6U6, STM32C051K8T6, STM32C071C8T6, STM32C071C8T6N, STM32C071C8U6, STM32C071C8U6N, STM32C071CBT6, STM32C071CBT6N, STM32C071CBU6, STM32C071CBU6N, STM32C071F8P6, STM32C071F8P6N, STM32C071FBP6, STM32C071FBP6N, STM32C071FBY6TR, STM32C071G8U6, STM32C071G8U6N, STM32C071GBU6, STM32C071GBU6N, STM32C071K8T6, STM32C071K8T6N, STM32C071K8U6, STM32C071K8U6N, STM32C071KBT6, STM32C071KBT6N, STM32C071KBU6, STM32C071KBU6N, STM32C071R8T6, STM32C071R8T6N, STM32C071RBI6N, STM32C071RBT6, STM32C071RBT6N, STM32C091CBT6, STM32C091CBU6, STM32C091CCT6, STM32C091CCU6, STM32C091ECY6TR, STM32C091FBP6, STM32C091FCP6, STM32C091GBU6, STM32C091GCU6, STM32C091KBT6, STM32C091KBU6, STM32C091KCT6, STM32C091KCU6, STM32C091RBT6, STM32C091RCI6, STM32C091RCT6, STM32C092CBT6, STM32C092CBU6, STM32C092CCT6, STM32C092CCU6, STM32C092ECY6TR, STM32C092FBP6, STM32C092FCP6, STM32C092GBU6, STM32C092GCU6, STM32C092KBT6, STM32C092KBU6, STM32C092KCT6, STM32C092KCU6, STM32C092RBT6, STM32C092RCI6, STM32C092RCT6, STM32G071K8TXN, STM32G071K8UXN, STM32G081GBU6N, STM32G081KBT6N, STM32G081KBUXN, STM32G0B1CCT6N, STM32G0B1KCT6, STM32G0B1NEY6TR, STM32G0B1RCT6N, STM32G0C1CCT6, STM32G0C1CCT6N, STM32G0C1CCU6N, STM32G0C1CET6N, STM32G0C1CEU6N, STM32G0C1KCT6, STM32G0C1NEY6TR, STM32G0C1RCI6N, STM32G0C1RCT6N, STM32G0C1REI6N, STM32G0C1RET6N, STM32G0C1VCI6, STM32G0C1VEI6, STM32G411C6T3, STM32G411C6T6, STM32G411C6U3, STM32G411C6U6, STM32G411C8T3, STM32G411C8T6, STM32G411C8U3, STM32G411C8U6, STM32G411CBT3, STM32G411CBT6, STM32G411CBU3, STM32G411CBU6, STM32G411K6T3, STM32G411K6T6, STM32G411K6U3, STM32G411K6U6, STM32G411K8T3, STM32G411K8T6, STM32G411K8U3, STM32G411K8U6, STM32G411KBT3, STM32G411KBT6, STM32G411KBU3, STM32G411KBU6, STM32G411M6T3, STM32G411M6T6, STM32G411M8T3, STM32G411M8T6, STM32G411MBT3, STM32G411MBT6, STM32G411R6T3, STM32G411R6T6, STM32G411R8T3, STM32G411R8T6, STM32G411RBT3, STM32G411RBT6, STM32G414CBT3, STM32G414CBT6, STM32G414CBU3, STM32G414CBU6, STM32G414CCT3, STM32G414CCT6, STM32G414CCU3, STM32G414CCU6, STM32G414MBT3, STM32G414MBT6, STM32G414MCT3, STM32G414MCT6, STM32G414RBT3, STM32G414RBT6, STM32G414RCT3, STM32G414RCT6, STM32G414VBT3, STM32G414VBT6, STM32G414VCT3, STM32G414VCT6, STM32G431CBT3Z, STM32G431RBT3Z, STM32G471CCT6, STM32G471CCU6, STM32G471CET3, STM32G471CET6, STM32G471CEU3, STM32G471CEU6, STM32G471MCT6, STM32G471MET3, STM32G471MET6, STM32G471MEY6TR, STM32G471QCT6, STM32G471QET3, STM32G471RCT6, STM32G471RET3, STM32G471RET6, STM32G471VCH6, STM32G471VCI6, STM32G471VCT6, STM32G471VEH3, STM32G471VEH6, STM32G471VEI3, STM32G471VEI6, STM32G471VET3, STM32G471VET6, STM32G473QET3Z, STM32G473RET3Z, STM32G474CCT6, STM32G491RET3Z, STM32H503CBT6, STM32H503CBU6, STM32H503EBY6TR, STM32H503KBU6, STM32H503RBT6, STM32H523CCT6, STM32H523CCU6, STM32H523CET6, STM32H523CEU6, STM32H523HEY6TR, STM32H523RCT6, STM32H523RET6, STM32H523VCI6, STM32H523VCT6, STM32H523VEI6, STM32H523VET6, STM32H523ZCJ6, STM32H523ZCT6, STM32H523ZEJ6, STM32H523ZET6, STM32H533CET6, STM32H533CEU6, STM32H533HEY6TR, STM32H533RET6, STM32H533VEI6, STM32H533VET6, STM32H533ZEJ6, STM32H533ZET6, STM32H562AGI6, STM32H562AII6, STM32H562IGK6, STM32H562IGT6, STM32H562IIK6, STM32H562IIT6, STM32H562RGT6, STM32H562RGV6, STM32H562RIT6, STM32H562RIV6, STM32H562VGT6, STM32H562VIT6, STM32H562ZGT6, STM32H562ZIT6, STM32H563AGI6, STM32H563AII3Q, STM32H563AII6, STM32H563IGK6, STM32H563IGT6, STM32H563IIK3Q, STM32H563IIK6, STM32H563IIT3Q, STM32H563IIT6, STM32H563LIH3Q, STM32H563MIY3QTR, STM32H563RGT6, STM32H563RGV6, STM32H563RIT6, STM32H563RIV6, STM32H563VGT6, STM32H563VIT3Q, STM32H563VIT6, STM32H563ZGT6, STM32H563ZIT3Q, STM32H563ZIT6, STM32H573AII3Q, STM32H573AII6, STM32H573I-DK, STM32H573IIK3Q, STM32H573IIK6, STM32H573IIT3Q, STM32H573IIT6, STM32H573LIH3Q, STM32H573MIY3QTR, STM32H573RIT6, STM32H573RIV6, STM32H573VIT3Q, STM32H573VIT6, STM32H573ZIT3Q, STM32H573ZIT6, STM32H7R3A8I6, STM32H7R3I8K6, STM32H7R3I8T6, STM32H7R3L8H6, STM32H7R3L8H6H, STM32H7R3R8V6, STM32H7R3V8H6, STM32H7R3V8T6, STM32H7R3V8Y6TR, STM32H7R3Z8J6, STM32H7R3Z8T6, STM32H7R7A8I6, STM32H7R7I8K6, STM32H7R7I8T6, STM32H7R7L8H6, STM32H7R7L8H6H, STM32H7R7Z8J6, STM32H7S3A8I6, STM32H7S3I8K6, STM32H7S3I8T6, STM32H7S3L8H6, STM32H7S3L8H6H, STM32H7S3R8V6, STM32H7S3V8H6, STM32H7S3V8T6, STM32H7S3V8Y6TR, STM32H7S3Z8J6, STM32H7S3Z8T6, STM32H7S78-DK, STM32H7S7A8I6, STM32H7S7I8K6, STM32H7S7I8T6, STM32H7S7L8H6, STM32H7S7L8H6H, STM32H7S7Z8J6, STM32L4R5QGI6STR, STM32MP131AAE3, STM32MP131AAF3, STM32MP131AAG3, STM32MP131CAE3, STM32MP131CAF3, STM32MP131CAG3, STM32MP131DAE7, STM32MP131DAF7, STM32MP131DAG7, STM32MP131FAE7, STM32MP131FAF7, STM32MP131FAG7, STM32MP133AAE3, STM32MP133AAF3, STM32MP133AAG3, STM32MP133CAE3, STM32MP133CAF3, STM32MP133CAG3, STM32MP133DAE7, STM32MP133DAF7, STM32MP133DAG7, STM32MP133FAE7, STM32MP133FAF7, STM32MP133FAG7, STM32MP135AAE3, STM32MP135AAF3, STM32MP135AAG3, STM32MP135CAE3, STM32MP135CAF3, STM32MP135CAG3, STM32MP135DAE7, STM32MP135DAF7, STM32MP135DAG7, STM32MP135F-DK, STM32MP135FAE7, STM32MP135FAF7, STM32MP135FAF7T, STM32MP135FAF7U, STM32MP135FAG7, STM32MP211AAL3, STM32MP211AAM3, STM32MP211AAN3, STM32MP211AAO3, STM32MP211CAL3, STM32MP211CAM3, STM32MP211CAN3, STM32MP211CAO3, STM32MP211DAL3, STM32MP211DAM3, STM32MP211DAN3, STM32MP211DAO3, STM32MP211FAL3, STM32MP211FAM3, STM32MP211FAN3, STM32MP211FAO3, STM32MP213AAL3, STM32MP213AAM3, STM32MP213AAN3, STM32MP213AAO3, STM32MP213CAL3, STM32MP213CAM3, STM32MP213CAN3, STM32MP213CAO3, STM32MP213DAL3, STM32MP213DAM3, STM32MP213DAN3, STM32MP213DAO3, STM32MP213FAL3, STM32MP213FAM3, STM32MP213FAN3, STM32MP213FAO3, STM32MP215AAL3, STM32MP215AAM3, STM32MP215AAN3, STM32MP215AAO3, STM32MP215CAL3, STM32MP215CAM3, STM32MP215CAN3, STM32MP215CAO3, STM32MP215DAL3, STM32MP215DAM3, STM32MP215DAN3, STM32MP215DAO3, STM32MP215F-DK, STM32MP215FAL3, STM32MP215FAM3, STM32MP215FAN3, STM32MP215FAO3, STM32MP231AAJ3, STM32MP231AAK3, STM32MP231AAL3, STM32MP231CAJ3, STM32MP231CAK3, STM32MP231CAL3, STM32MP231DAJ3, STM32MP231DAK3, STM32MP231DAL3, STM32MP231FAJ3, STM32MP231FAK3, STM32MP231FAL3, STM32MP233AAJ3, STM32MP233AAK3, STM32MP233AAL3, STM32MP233CAJ3, STM32MP233CAK3, STM32MP233CAL3, STM32MP233DAJ3, STM32MP233DAK3, STM32MP233DAL3, STM32MP233FAJ3, STM32MP233FAK3, STM32MP233FAL3, STM32MP235AAJ3, STM32MP235AAK3, STM32MP235AAL3, STM32MP235CAJ3, STM32MP235CAK3, STM32MP235CAL3, STM32MP235DAJ3, STM32MP235DAK3, STM32MP235DAL3, STM32MP235FAJ3, STM32MP235FAK3, STM32MP235FAL3, STM32MP251AAI3, STM32MP251AAK3, STM32MP251AAL3, STM32MP251CAI3, STM32MP251CAK3, STM32MP251CAL3, STM32MP251DAI3, STM32MP251DAK3, STM32MP251DAL3, STM32MP251FAI3, STM32MP251FAK3, STM32MP251FAL3, STM32MP253AAI3, STM32MP253AAK3, STM32MP253AAL3, STM32MP253CAI3, STM32MP253CAK3, STM32MP253CAL3, STM32MP253DAI3, STM32MP253DAK3, STM32MP253DAL3, STM32MP253FAI3, STM32MP253FAK3, STM32MP253FAL3, STM32MP255AAI3, STM32MP255AAK3, STM32MP255AAL3, STM32MP255CAI3, STM32MP255CAK3, STM32MP255CAL3, STM32MP255DAI3, STM32MP255DAK3, STM32MP255DAL3, STM32MP255FAI3, STM32MP255FAK3, STM32MP255FAL3, STM32MP257AAI3, STM32MP257AAK3, STM32MP257AAL3, STM32MP257CAI3, STM32MP257CAK3, STM32MP257CAL3, STM32MP257DAI3, STM32MP257DAK3, STM32MP257DAL3, STM32MP257F-DK, STM32MP257F-EV1, STM32MP257FAI3, STM32MP257FAK3, STM32MP257FAL3, STM32N645A0H3Q, STM32N645A0H3QG, STM32N645B0H3Q, STM32N645I0H3Q, STM32N645L0H3Q, STM32N645X0H3Q, STM32N645Z0H3Q, STM32N647A0H3Q, STM32N647A0H3QG, STM32N647B0H3Q, STM32N647I0H3Q, STM32N647L0H3Q, STM32N647X0H3Q, STM32N647Z0H3Q, STM32N655A0H3Q, STM32N655A0H3QG, STM32N655B0H3Q, STM32N655I0H3Q, STM32N655L0H3Q, STM32N655X0H3Q, STM32N655Z0H3Q, STM32N6570-DK, STM32N657A0H3Q, STM32N657A0H3QG, STM32N657B0H3Q, STM32N657I0H3Q, STM32N657L0H3Q, STM32N657X0H3Q, STM32N657Z0H3Q, STM32U031C6T6, STM32U031C6U6, STM32U031C8T6, STM32U031C8U6, STM32U031F4P6, STM32U031F6P6, STM32U031F8P6, STM32U031G6Y6TR, STM32U031G8Y6TR, STM32U031K4U6, STM32U031K6U6, STM32U031K8U6, STM32U031R6I6, STM32U031R6T6, STM32U031R8I6, STM32U031R8T6, STM32U073C8T6, STM32U073C8U6, STM32U073CBT6, STM32U073CBU6, STM32U073CCT6, STM32U073CCU6, STM32U073H8Y6TR, STM32U073HBY6TR, STM32U073HCY6TR, STM32U073K8U6, STM32U073KBU6, STM32U073KCU6, STM32U073M8I6, STM32U073M8T6, STM32U073MBI6, STM32U073MBT6, STM32U073MCI6, STM32U073MCT6, STM32U073R8I6, STM32U073R8T6, STM32U073RBI6, STM32U073RBT6, STM32U073RCI6, STM32U073RCT6, STM32U083C-DK, STM32U083CCT6, STM32U083CCU6, STM32U083HCY6TR, STM32U083KCU6, STM32U083MCI6, STM32U083MCT6, STM32U083RCI6, STM32U083RCT6, STM32U375CET6, STM32U375CET6Q, STM32U375CEU6, STM32U375CEU6Q, STM32U375CEY6QTR, STM32U375CGT6, STM32U375CGT6Q, STM32U375CGU6, STM32U375CGU6Q, STM32U375CGY6QTR, STM32U375KEU6, STM32U375KGU6, STM32U375REI6, STM32U375REI6Q, STM32U375RET6, STM32U375RET6Q, STM32U375REY6GTR, STM32U375REY6QTR, STM32U375RGI6, STM32U375RGI6Q, STM32U375RGT6, STM32U375RGT6Q, STM32U375RGY6GTR, STM32U375RGY6QTR, STM32U375VEI6, STM32U375VEI6Q, STM32U375VET6, STM32U375VET6Q, STM32U375VGI6, STM32U375VGI6Q, STM32U375VGT6, STM32U375VGT6Q, STM32U385CGT6, STM32U385CGT6Q, STM32U385CGU6, STM32U385CGU6Q, STM32U385CGY6QTR, STM32U385KGU6, STM32U385RGI6, STM32U385RGI6Q, STM32U385RGT6, STM32U385RGT6Q, STM32U385RGY6GTR, STM32U385RGY6QTR, STM32U385VGI6, STM32U385VGI6Q, STM32U385VGT6, STM32U385VGT6Q, STM32U535CBT6, STM32U535CBT6Q, STM32U535CBU6, STM32U535CBU6Q, STM32U535CCT6, STM32U535CCT6Q, STM32U535CCU6, STM32U535CCU6Q, STM32U535CET6, STM32U535CET6Q, STM32U535CEU6, STM32U535CEU6Q, STM32U535JEY6QTR, STM32U535NCY6QTR, STM32U535NEY6QTR, STM32U535RBI6, STM32U535RBI6Q, STM32U535RBT6, STM32U535RBT6Q, STM32U535RCI6, STM32U535RCI6Q, STM32U535RCT6, STM32U535RCT6Q, STM32U535REI6, STM32U535REI6Q, STM32U535RET6, STM32U535RET6Q, STM32U535VCI6, STM32U535VCI6Q, STM32U535VCT6, STM32U535VCT6Q, STM32U535VEI6, STM32U535VEI6Q, STM32U535VET6, STM32U535VET6Q, STM32U545CET6, STM32U545CET6Q, STM32U545CEU6, STM32U545CEU6Q, STM32U545JEY6QTR, STM32U545NEY6QTR, STM32U545REI6, STM32U545REI6Q, STM32U545RET6, STM32U545RET6Q, STM32U545VEI6, STM32U545VEI6Q, STM32U545VET6, STM32U545VET6Q, STM32U595AIH6, STM32U595AIH6Q, STM32U595AJH6, STM32U595AJH6Q, STM32U595QII6, STM32U595QII6Q, STM32U595QJI6, STM32U595QJI6Q, STM32U595RIT6, STM32U595RIT6Q, STM32U595RJT6, STM32U595RJT6Q, STM32U595VIT6, STM32U595VIT6Q, STM32U595VJT6, STM32U595VJT6Q, STM32U595ZIT6, STM32U595ZIT6Q, STM32U595ZIY6QTR, STM32U595ZJT6, STM32U595ZJT6Q, STM32U595ZJY6QTR, STM32U599BJY6QTR, STM32U599NIH6Q, STM32U599NJH6Q, STM32U599VIT6Q, STM32U599VJT6, STM32U599VJT6Q, STM32U599ZIT6Q, STM32U599ZIY6QTR, STM32U599ZJT6Q, STM32U599ZJY6QTR, STM32U5A5AJH6, STM32U5A5AJH6Q, STM32U5A5QII3Q , STM32U5A5QJI6, STM32U5A5QJI6Q, STM32U5A5RJT6, STM32U5A5RJT6Q, STM32U5A5VJT6, STM32U5A5VJT6Q, STM32U5A5ZJT6, STM32U5A5ZJT6Q, STM32U5A5ZJY6QTR, STM32U5A9BJY6QTR, STM32U5A9J-DK, STM32U5A9NJH6Q, STM32U5A9VJT6Q, STM32U5A9ZJT6Q, STM32U5A9ZJY6QTR, STM32U5F7VIT6, STM32U5F7VIT6Q, STM32U5F7VJT6, STM32U5F7VJT6Q, STM32U5F9BJY6QTR, STM32U5F9NJH6Q, STM32U5F9VIT6Q, STM32U5F9VJT6Q, STM32U5F9ZIJ6QTR, STM32U5F9ZIT6Q, STM32U5F9ZJJ6QTR, STM32U5F9ZJT6Q, STM32U5G7VJT6, STM32U5G7VJT6Q, STM32U5G9BJY6QTR, STM32U5G9J-DK1, STM32U5G9J-DK2, STM32U5G9NJH6Q, STM32U5G9VJT6Q, STM32U5G9ZJJ6QTR, STM32U5G9ZJT6Q, STM32WB05KZV6TR, STM32WB05KZV7TR, STM32WB05TZF6TR, STM32WB05TZF7TR, STM32WB06CCF6TR, STM32WB06CCF7TR, STM32WB06CCV6TR, STM32WB06CCV7TR, STM32WB06KCV6TR, STM32WB06KCV7TR, STM32WB07CCF6TR, STM32WB07CCF7TR, STM32WB07CCV6TR, STM32WB07CCV7TR, STM32WB07KCV6TR, STM32WB07KCV7TR, STM32WB09KEV6TR, STM32WB09KEV7TR, STM32WB09TEF6TR, STM32WB09TEF7TR, STM32WB1MMCH6, STM32WBA50KGU6, STM32WBA50KGU6TR, STM32WBA52CEU6, STM32WBA52CEU6TR, STM32WBA52CEU7, STM32WBA52CEU7TR, STM32WBA52CGU6, STM32WBA52CGU6TR, STM32WBA52CGU6U, STM32WBA52CGU7, STM32WBA52CGU7TR, STM32WBA52KEU6, STM32WBA52KEU6TR, STM32WBA52KGU6, STM32WBA52KGU6TR, STM32WBA54CEU6, STM32WBA54CEU6TR, STM32WBA54CEU7, STM32WBA54CEU7TR, STM32WBA54CGU6, STM32WBA54CGU6TR, STM32WBA54CGU7, STM32WBA54CGU7TR, STM32WBA54KEU6, STM32WBA54KEU6TR, STM32WBA54KEU7, STM32WBA54KEU7TR, STM32WBA54KGU6, STM32WBA54KGU6TR, STM32WBA54KGU7, STM32WBA54KGU7TR, STM32WBA55CEU6, STM32WBA55CEU6TR, STM32WBA55CEU7, STM32WBA55CEU7TR, STM32WBA55CGU6, STM32WBA55CGU6TR, STM32WBA55CGU6U, STM32WBA55CGU7, STM32WBA55CGU7TR, STM32WBA55G-DK1, STM32WBA55HEF6, STM32WBA55HEF7, STM32WBA55HGF6, STM32WBA55HGF7, STM32WBA55UEI6, STM32WBA55UEI6TR, STM32WBA55UEI7, STM32WBA55UEI7TR, STM32WBA55UGI6, STM32WBA55UGI6TR, STM32WBA55UGI7, STM32WBA55UGI7TR, STM32WBA5MMGH6TR, STM32WBA62MGF6, STM32WBA62MIF6, STM32WBA65MGF7, STM32WBA65MIF6, STM32WBA65MIF7, STM32WBA6MOIH6, STM32WL30K8V6, STM32WL30KBV6, STM32WL31C8V6, STM32WL31CBV6, STM32WL31K8V6, STM32WL31KBV6, STM32WL33C8V6, STM32WL33C8V6X, STM32WL33CBV6, STM32WL33CBV6X, STM32WL33CCV6, STM32WL33CCV6A, STM32WL33CCV6X, STM32WL33K8V7, STM32WL33K8V7X, STM32WL33KBV7 , STM32WL33KBV7X, STM32WL33KCV7, STM32WL33KCV7X, STM32WL3RK8V6, STM32WL3RK8V6X, STM32WL3RKBV6, STM32WL3RKBV6X, STM32WL5MOCH6, STM32WL5MOCH6TR]
2026-01-22 16:11:33,388 DEBUG [LineInfo_to_exitCode.log_LineInfo] 2026-01-22 16:11:33,387 [INFO] DbMcus:218 - Found 4884 MCUs, 4884 are supported
2026-01-22 16:11:33,394 DEBUG [LineInfo_to_exitCode.log_LineInfo] 2026-01-22 16:11:33,394 [INFO] ApiDb:423 - Load user favorites file C:\Users\cc_fang/.stm32cubemx/favorites.mcus.txt: 0 item(s)
2026-01-22 16:11:33,396 DEBUG [LineInfo_to_exitCode.log_LineInfo] 2026-01-22 16:11:33,394 [INFO] ApiDb:427 - User favorites MCUs=[]
2026-01-22 16:11:33,396 DEBUG [LineInfo_to_exitCode.log_LineInfo] 2026-01-22 16:11:33,395 [INFO] DbMcus:224 - Set 0 / 0 favorites MCUs
2026-01-22 16:11:36,244 DEBUG [LineInfo_to_exitCode.log_LineInfo] 2026-01-22 16:11:36,243 [INFO] Mcu:2044 - No CPN specified => set CPN to STM32G474RET3
2026-01-22 16:11:43,448 DEBUG [LineInfo_to_exitCode.log_LineInfo] 2026-01-22 16:11:43,448 [INFO] Context:783 - Trying to add GPIOservice into a context  which must be forbidden
2026-01-22 16:11:46,033 DEBUG [LineInfo_to_exitCode.log_LineInfo] 2026-01-22 16:11:46,032 [INFO] ImportTextPane:234 - (OptionalMessage_ERROR) Unable to find key (Mcu.ThirdPartyNb) in loaded IOC file
2026-01-22 16:11:46,041 DEBUG [LineInfo_to_exitCode.log_LineInfo] 2026-01-22 16:11:46,041 [INFO] ImportTextPane:234 - (OptionalMessage_ERROR) Pin30 (VP_RIF_VS_RIF1) cannot be retrieved for this MCU
2026-01-22 16:11:46,347 DEBUG [LineInfo_to_exitCode.log_LineInfo] 2026-01-22 16:11:46,346 [INFO] RtosManager:561 - Registered RTOS mode: class=CMSIS, group=RTOS, mode=CMSIS_V1, owner=FREERTOS
2026-01-22 16:11:46,348 DEBUG [LineInfo_to_exitCode.log_LineInfo] 2026-01-22 16:11:46,347 [INFO] RtosManager:561 - Registered RTOS mode: class=CMSIS, group=RTOS2, mode=CMSIS_V2, owner=FREERTOS
2026-01-22 16:11:46,348 DEBUG [LineInfo_to_exitCode.log_LineInfo] 2026-01-22 16:11:46,347 [INFO] RtosManager:561 - Registered RTOS mode: class=RTOS, group=Core, mode=CMSIS_V1, owner=FREERTOS
2026-01-22 16:11:46,349 DEBUG [LineInfo_to_exitCode.log_LineInfo] 2026-01-22 16:11:46,348 [INFO] RtosManager:561 - Registered RTOS mode: class=RTOS, group=Core, mode=CMSIS_V2, owner=FREERTOS
2026-01-22 16:11:46,825 DEBUG [LineInfo_to_exitCode.log_LineInfo] 2026-01-22 16:11:46,825 [INFO] ThirdPartyModel:298 - Start build external matchings
2026-01-22 16:11:50,570 DEBUG [LineInfo_to_exitCode.log_LineInfo] 2026-01-22 16:11:50,569 [INFO] ThirdPartyModel:316 - End build external matchings
2026-01-22 16:11:50,670 DEBUG [LineInfo_to_exitCode.log_LineInfo] 2026-01-22 16:11:50,670 [INFO] ImportTextPane:234 - (OptionalMessage_ERROR) IP (DMA) : Parameter (Instance) has Id (USART2_RX) currently not set
2026-01-22 16:11:50,671 DEBUG [LineInfo_to_exitCode.log_LineInfo] 2026-01-22 16:11:50,670 [INFO] ImportTextPane:234 - (OptionalMessage_ERROR) IP (DMA) : Parameter (Request) has Id (USART2_RX) currently not set
2026-01-22 16:11:50,671 DEBUG [LineInfo_to_exitCode.log_LineInfo] 2026-01-22 16:11:50,670 [INFO] ImportTextPane:234 - (OptionalMessage_ERROR) IP (DMA) : Parameter (Direction) has Id (USART2_RX) currently not set
2026-01-22 16:11:50,671 DEBUG [LineInfo_to_exitCode.log_LineInfo] 2026-01-22 16:11:50,671 [INFO] ImportTextPane:234 - (OptionalMessage_ERROR) IP (DMA) : Parameter (PeriphInc) has Id (USART2_RX) currently not set
2026-01-22 16:11:50,671 DEBUG [LineInfo_to_exitCode.log_LineInfo] 2026-01-22 16:11:50,671 [INFO] ImportTextPane:234 - (OptionalMessage_ERROR) IP (DMA) : Parameter (MemInc) has Id (USART2_RX) currently not set
2026-01-22 16:11:50,671 DEBUG [LineInfo_to_exitCode.log_LineInfo] 2026-01-22 16:11:50,671 [INFO] ImportTextPane:234 - (OptionalMessage_ERROR) IP (DMA) : Parameter (PeriphDataAlignment) has Id (USART2_RX) currently not set
2026-01-22 16:11:50,672 DEBUG [LineInfo_to_exitCode.log_LineInfo] 2026-01-22 16:11:50,672 [INFO] ImportTextPane:234 - (OptionalMessage_ERROR) IP (DMA) : Parameter (MemDataAlignment) has Id (USART2_RX) currently not set
2026-01-22 16:11:50,672 DEBUG [LineInfo_to_exitCode.log_LineInfo] 2026-01-22 16:11:50,672 [INFO] ImportTextPane:234 - (OptionalMessage_ERROR) IP (DMA) : Parameter (Mode) has Id (USART2_RX) currently not set
2026-01-22 16:11:50,673 DEBUG [LineInfo_to_exitCode.log_LineInfo] 2026-01-22 16:11:50,672 [INFO] ImportTextPane:234 - (OptionalMessage_ERROR) IP (DMA) : Parameter (Priority) has Id (USART2_RX) currently not set
2026-01-22 16:11:50,673 DEBUG [LineInfo_to_exitCode.log_LineInfo] 2026-01-22 16:11:50,672 [INFO] ImportTextPane:234 - (OptionalMessage_ERROR) IP (DMA) : Parameter (Instance) has Id (USART2_TX) currently not set
2026-01-22 16:11:50,673 DEBUG [LineInfo_to_exitCode.log_LineInfo] 2026-01-22 16:11:50,672 [INFO] ImportTextPane:234 - (OptionalMessage_ERROR) IP (DMA) : Parameter (Request) has Id (USART2_TX) currently not set
2026-01-22 16:11:50,673 DEBUG [LineInfo_to_exitCode.log_LineInfo] 2026-01-22 16:11:50,672 [INFO] ImportTextPane:234 - (OptionalMessage_ERROR) IP (DMA) : Parameter (Direction) has Id (USART2_TX) currently not set
2026-01-22 16:11:50,673 DEBUG [LineInfo_to_exitCode.log_LineInfo] 2026-01-22 16:11:50,672 [INFO] ImportTextPane:234 - (OptionalMessage_ERROR) IP (DMA) : Parameter (PeriphInc) has Id (USART2_TX) currently not set
2026-01-22 16:11:50,673 DEBUG [LineInfo_to_exitCode.log_LineInfo] 2026-01-22 16:11:50,673 [INFO] ImportTextPane:234 - (OptionalMessage_ERROR) IP (DMA) : Parameter (MemInc) has Id (USART2_TX) currently not set
2026-01-22 16:11:50,674 DEBUG [LineInfo_to_exitCode.log_LineInfo] 2026-01-22 16:11:50,673 [INFO] ImportTextPane:234 - (OptionalMessage_ERROR) IP (DMA) : Parameter (PeriphDataAlignment) has Id (USART2_TX) currently not set
2026-01-22 16:11:50,674 DEBUG [LineInfo_to_exitCode.log_LineInfo] 2026-01-22 16:11:50,673 [INFO] ImportTextPane:234 - (OptionalMessage_ERROR) IP (DMA) : Parameter (MemDataAlignment) has Id (USART2_TX) currently not set
2026-01-22 16:11:50,674 DEBUG [LineInfo_to_exitCode.log_LineInfo] 2026-01-22 16:11:50,673 [INFO] ImportTextPane:234 - (OptionalMessage_ERROR) IP (DMA) : Parameter (Mode) has Id (USART2_TX) currently not set
2026-01-22 16:11:50,674 DEBUG [LineInfo_to_exitCode.log_LineInfo] 2026-01-22 16:11:50,673 [INFO] ImportTextPane:234 - (OptionalMessage_ERROR) IP (DMA) : Parameter (Priority) has Id (USART2_TX) currently not set
2026-01-22 16:11:50,758 DEBUG [LineInfo_to_exitCode.log_LineInfo] 2026-01-22 16:11:50,758 [INFO] ImportTextPane:234 - (OptionalMessage_ERROR) IP (MotorControl) : Invalid parameter (ADC_AHBPERIPH)
2026-01-22 16:11:50,759 DEBUG [LineInfo_to_exitCode.log_LineInfo] 2026-01-22 16:11:50,758 [INFO] ImportTextPane:234 - (OptionalMessage_ERROR) IP (MotorControl) : Invalid parameter (AUX_STATE_OBSERVER_PLL)
2026-01-22 16:11:50,759 DEBUG [LineInfo_to_exitCode.log_LineInfo] 2026-01-22 16:11:50,759 [INFO] ImportTextPane:234 - (OptionalMessage_ERROR) IP (MotorControl) : Invalid parameter (BUS_VOLTAGE_READING)
2026-01-22 16:11:50,760 DEBUG [LineInfo_to_exitCode.log_LineInfo] 2026-01-22 16:11:50,759 [INFO] ImportTextPane:234 - (OptionalMessage_ERROR) IP (MotorControl) : Invalid parameter (CCMRAM_ENABLED)
2026-01-22 16:11:50,760 DEBUG [LineInfo_to_exitCode.log_LineInfo] 2026-01-22 16:11:50,760 [INFO] ImportTextPane:234 - (OptionalMessage_ERROR) IP (MotorControl) : Invalid parameter (CLOCK_FREQUENCY)
2026-01-22 16:11:50,760 DEBUG [LineInfo_to_exitCode.log_LineInfo] 2026-01-22 16:11:50,760 [INFO] ImportTextPane:234 - (OptionalMessage_ERROR) IP (MotorControl) : Invalid parameter (CLOCK_SOURCE)
2026-01-22 16:11:50,761 DEBUG [LineInfo_to_exitCode.log_LineInfo] 2026-01-22 16:11:50,761 [INFO] ImportTextPane:234 - (OptionalMessage_ERROR) IP (MotorControl) : Invalid parameter (CPU_CLK_170_MHZ)
2026-01-22 16:11:50,762 DEBUG [LineInfo_to_exitCode.log_LineInfo] 2026-01-22 16:11:50,762 [INFO] ImportTextPane:234 - (OptionalMessage_ERROR) IP (MotorControl) : Invalid parameter (CURR_SAMPLING_TIME)
2026-01-22 16:11:50,763 DEBUG [LineInfo_to_exitCode.log_LineInfo] 2026-01-22 16:11:50,762 [INFO] ImportTextPane:234 - (OptionalMessage_ERROR) IP (MotorControl) : Invalid parameter (CURRENT_READING_TOPOLOGY)
2026-01-22 16:11:50,763 DEBUG [LineInfo_to_exitCode.log_LineInfo] 2026-01-22 16:11:50,763 [INFO] ImportTextPane:234 - (OptionalMessage_ERROR) IP (MotorControl) : Invalid parameter (DP_EMERGENCY_STOP_GPIO_PIN)
2026-01-22 16:11:50,763 DEBUG [LineInfo_to_exitCode.log_LineInfo] 2026-01-22 16:11:50,763 [INFO] ImportTextPane:234 - (OptionalMessage_ERROR) IP (MotorControl) : Invalid parameter (DP_EMERGENCY_STOP_GPIO_PORT)
2026-01-22 16:11:50,764 DEBUG [LineInfo_to_exitCode.log_LineInfo] 2026-01-22 16:11:50,763 [INFO] ImportTextPane:234 - (OptionalMessage_ERROR) IP (MotorControl) : Invalid parameter (DRIVE_TYPE)
2026-01-22 16:11:50,764 DEBUG [LineInfo_to_exitCode.log_LineInfo] 2026-01-22 16:11:50,763 [INFO] ImportTextPane:234 - (OptionalMessage_ERROR) IP (MotorControl) : Invalid parameter (DRIVES_NUMBER_SELECTION)
2026-01-22 16:11:50,764 DEBUG [LineInfo_to_exitCode.log_LineInfo] 2026-01-22 16:11:50,763 [INFO] ImportTextPane:234 - (OptionalMessage_ERROR) IP (MotorControl) : Invalid parameter (ENCODER_AVAILABLE)
2026-01-22 16:11:50,764 DEBUG [LineInfo_to_exitCode.log_LineInfo] 2026-01-22 16:11:50,763 [INFO] ImportTextPane:234 - (OptionalMessage_ERROR) IP (MotorControl) : Invalid parameter (ENCODER_PPR)
2026-01-22 16:11:50,765 DEBUG [LineInfo_to_exitCode.log_LineInfo] 2026-01-22 16:11:50,764 [INFO] ImportTextPane:234 - (OptionalMessage_ERROR) IP (MotorControl) : Invalid parameter (EXT_CLK_24_MHZ)
2026-01-22 16:11:50,765 DEBUG [LineInfo_to_exitCode.log_LineInfo] 2026-01-22 16:11:50,764 [INFO] ImportTextPane:234 - (OptionalMessage_ERROR) IP (MotorControl) : Invalid parameter (EXT_CLOCK_FREQUENCY)
2026-01-22 16:11:50,765 DEBUG [LineInfo_to_exitCode.log_LineInfo] 2026-01-22 16:11:50,764 [INFO] ImportTextPane:234 - (OptionalMessage_ERROR) IP (MotorControl) : Invalid parameter (FEEDBACK_NET_FILTERING)
2026-01-22 16:11:50,765 DEBUG [LineInfo_to_exitCode.log_LineInfo] 2026-01-22 16:11:50,764 [INFO] ImportTextPane:234 - (OptionalMessage_ERROR) IP (MotorControl) : Invalid parameter (FLASH_SIZE)
2026-01-22 16:11:50,766 DEBUG [LineInfo_to_exitCode.log_LineInfo] 2026-01-22 16:11:50,764 [INFO] ImportTextPane:234 - (OptionalMessage_ERROR) IP (MotorControl) : Invalid parameter (H1_GPIO_PIN)
2026-01-22 16:11:50,766 DEBUG [LineInfo_to_exitCode.log_LineInfo] 2026-01-22 16:11:50,764 [INFO] ImportTextPane:234 - (OptionalMessage_ERROR) IP (MotorControl) : Invalid parameter (H1_GPIO_PORT)
2026-01-22 16:11:50,766 DEBUG [LineInfo_to_exitCode.log_LineInfo] 2026-01-22 16:11:50,764 [INFO] ImportTextPane:234 - (OptionalMessage_ERROR) IP (MotorControl) : Invalid parameter (H2_GPIO_PIN)
2026-01-22 16:11:50,766 DEBUG [LineInfo_to_exitCode.log_LineInfo] 2026-01-22 16:11:50,765 [INFO] ImportTextPane:234 - (OptionalMessage_ERROR) IP (MotorControl) : Invalid parameter (H2_GPIO_PORT)
2026-01-22 16:11:50,766 DEBUG [LineInfo_to_exitCode.log_LineInfo] 2026-01-22 16:11:50,765 [INFO] ImportTextPane:234 - (OptionalMessage_ERROR) IP (MotorControl) : Invalid parameter (H3_GPIO_PIN)
2026-01-22 16:11:50,767 DEBUG [LineInfo_to_exitCode.log_LineInfo] 2026-01-22 16:11:50,765 [INFO] ImportTextPane:234 - (OptionalMessage_ERROR) IP (MotorControl) : Invalid parameter (H3_GPIO_PORT)
2026-01-22 16:11:50,767 DEBUG [LineInfo_to_exitCode.log_LineInfo] 2026-01-22 16:11:50,765 [INFO] ImportTextPane:234 - (OptionalMessage_ERROR) IP (MotorControl) : Invalid parameter (HALL_ICx_FILTER)
2026-01-22 16:11:50,767 DEBUG [LineInfo_to_exitCode.log_LineInfo] 2026-01-22 16:11:50,765 [INFO] ImportTextPane:234 - (OptionalMessage_ERROR) IP (MotorControl) : Invalid parameter (HALL_SENSORS)
2026-01-22 16:11:50,767 DEBUG [LineInfo_to_exitCode.log_LineInfo] 2026-01-22 16:11:50,765 [INFO] ImportTextPane:234 - (OptionalMessage_ERROR) IP (MotorControl) : Invalid parameter (HALL_SENSORS_AVAILABLE)
2026-01-22 16:11:50,767 DEBUG [LineInfo_to_exitCode.log_LineInfo] 2026-01-22 16:11:50,766 [INFO] ImportTextPane:234 - (OptionalMessage_ERROR) IP (MotorControl) : Invalid parameter (HALL_TIMER_SELECTION)
2026-01-22 16:11:50,767 DEBUG [LineInfo_to_exitCode.log_LineInfo] 2026-01-22 16:11:50,766 [INFO] ImportTextPane:234 - (OptionalMessage_ERROR) IP (MotorControl) : Invalid parameter (HW_COMPLEMENTED_LOW_SIDE)
2026-01-22 16:11:50,767 DEBUG [LineInfo_to_exitCode.log_LineInfo] 2026-01-22 16:11:50,766 [INFO] ImportTextPane:234 - (OptionalMessage_ERROR) IP (MotorControl) : Invalid parameter (HW_DEAD_TIME_NS)
2026-01-22 16:11:50,768 DEBUG [LineInfo_to_exitCode.log_LineInfo] 2026-01-22 16:11:50,766 [INFO] ImportTextPane:234 - (OptionalMessage_ERROR) IP (MotorControl) : Invalid parameter (HWV_CS)
2026-01-22 16:11:50,768 DEBUG [LineInfo_to_exitCode.log_LineInfo] 2026-01-22 16:11:50,766 [INFO] ImportTextPane:234 - (OptionalMessage_ERROR) IP (MotorControl) : Invalid parameter (HWV_DP)
2026-01-22 16:11:50,768 DEBUG [LineInfo_to_exitCode.log_LineInfo] 2026-01-22 16:11:50,766 [INFO] ImportTextPane:234 - (OptionalMessage_ERROR) IP (MotorControl) : Invalid parameter (HWV_PWM)
2026-01-22 16:11:50,768 DEBUG [LineInfo_to_exitCode.log_LineInfo] 2026-01-22 16:11:50,766 [INFO] ImportTextPane:234 - (OptionalMessage_ERROR) IP (MotorControl) : Invalid parameter (IPs)
2026-01-22 16:11:50,769 DEBUG [LineInfo_to_exitCode.log_LineInfo] 2026-01-22 16:11:50,767 [INFO] ImportTextPane:234 - (OptionalMessage_ERROR) IP (MotorControl) : Invalid parameter (LOW_SIDE_SIGNALS_ENABLING)
2026-01-22 16:11:50,769 DEBUG [LineInfo_to_exitCode.log_LineInfo] 2026-01-22 16:11:50,767 [INFO] ImportTextPane:234 - (OptionalMessage_ERROR) IP (MotorControl) : Invalid parameter (M1_COMMUTATION_STEP_TIME_BUF_SIZE)
2026-01-22 16:11:50,769 DEBUG [LineInfo_to_exitCode.log_LineInfo] 2026-01-22 16:11:50,767 [INFO] ImportTextPane:234 - (OptionalMessage_ERROR) IP (MotorControl) : Invalid parameter (M1_CURRENT_AMPLIFICATION_TOPO)
2026-01-22 16:11:50,769 DEBUG [LineInfo_to_exitCode.log_LineInfo] 2026-01-22 16:11:50,767 [INFO] ImportTextPane:234 - (OptionalMessage_ERROR) IP (MotorControl) : Invalid parameter (M1_DC_CURRENT_RS_MEAS)
2026-01-22 16:11:50,770 DEBUG [LineInfo_to_exitCode.log_LineInfo] 2026-01-22 16:11:50,767 [INFO] ImportTextPane:234 - (OptionalMessage_ERROR) IP (MotorControl) : Invalid parameter (M1_DP_BKIN_FILTER)
2026-01-22 16:11:50,770 DEBUG [LineInfo_to_exitCode.log_LineInfo] 2026-01-22 16:11:50,767 [INFO] ImportTextPane:234 - (OptionalMessage_ERROR) IP (MotorControl) : Invalid parameter (M1_DP_BKIN_MODE)
2026-01-22 16:11:50,770 DEBUG [LineInfo_to_exitCode.log_LineInfo] 2026-01-22 16:11:50,767 [INFO] ImportTextPane:234 - (OptionalMessage_ERROR) IP (MotorControl) : Invalid parameter (M1_DP_BKIN_POLARITY)
2026-01-22 16:11:50,770 DEBUG [LineInfo_to_exitCode.log_LineInfo] 2026-01-22 16:11:50,768 [INFO] ImportTextPane:234 - (OptionalMessage_ERROR) IP (MotorControl) : Invalid parameter (M1_HALL_TIMER_IRQ)
2026-01-22 16:11:50,770 DEBUG [LineInfo_to_exitCode.log_LineInfo] 2026-01-22 16:11:50,768 [INFO] ImportTextPane:234 - (OptionalMessage_ERROR) IP (MotorControl) : Invalid parameter (M1_HIGH_SIDE_IDLE_STATE)
2026-01-22 16:11:50,771 DEBUG [LineInfo_to_exitCode.log_LineInfo] 2026-01-22 16:11:50,768 [INFO] ImportTextPane:234 - (OptionalMessage_ERROR) IP (MotorControl) : Invalid parameter (M1_LOW_SIDE_IDLE_STATE)
2026-01-22 16:11:50,771 DEBUG [LineInfo_to_exitCode.log_LineInfo] 2026-01-22 16:11:50,769 [INFO] ImportTextPane:234 - (OptionalMessage_ERROR) IP (MotorControl) : Parameter (M1_PWM_CHARGE_BOOT_CAP_DUTY_CYCLES) has invalid value (0.000)
2026-01-22 16:11:50,771 DEBUG [LineInfo_to_exitCode.log_LineInfo] 2026-01-22 16:11:50,769 [INFO] ImportTextPane:234 - (OptionalMessage_ERROR) IP (MotorControl) : Invalid parameter (M1_PWM_TIMER_BRK_IRQ)
2026-01-22 16:11:50,771 DEBUG [LineInfo_to_exitCode.log_LineInfo] 2026-01-22 16:11:50,769 [INFO] ImportTextPane:234 - (OptionalMessage_ERROR) IP (MotorControl) : Invalid parameter (M1_PWM_TIMER_UP_IRQ)
2026-01-22 16:11:50,771 DEBUG [LineInfo_to_exitCode.log_LineInfo] 2026-01-22 16:11:50,769 [INFO] ImportTextPane:234 - (OptionalMessage_ERROR) IP (MotorControl) : Invalid parameter (M1_SPD_DIFFERENTIAL_TERM_ENABLING)
2026-01-22 16:11:50,772 DEBUG [LineInfo_to_exitCode.log_LineInfo] 2026-01-22 16:11:50,772 [INFO] ImportTextPane:234 - (OptionalMessage_ERROR) IP (MotorControl) : Invalid parameter (MAX_READABLE_CURRENT)
2026-01-22 16:11:50,772 DEBUG [LineInfo_to_exitCode.log_LineInfo] 2026-01-22 16:11:50,772 [INFO] ImportTextPane:234 - (OptionalMessage_ERROR) IP (MotorControl) : Invalid parameter (MC_WORKBENCH_VERSION)
2026-01-22 16:11:50,773 DEBUG [LineInfo_to_exitCode.log_LineInfo] 2026-01-22 16:11:50,773 [INFO] ImportTextPane:234 - (OptionalMessage_ERROR) IP (MotorControl) : Invalid parameter (MCU)
2026-01-22 16:11:50,774 DEBUG [LineInfo_to_exitCode.log_LineInfo] 2026-01-22 16:11:50,773 [INFO] ImportTextPane:234 - (OptionalMessage_ERROR) IP (MotorControl) : Invalid parameter (MCU_FAMILY)
2026-01-22 16:11:50,774 DEBUG [LineInfo_to_exitCode.log_LineInfo] 2026-01-22 16:11:50,774 [INFO] ImportTextPane:234 - (OptionalMessage_ERROR) IP (MotorControl) : Invalid parameter (MCU_LINE)
2026-01-22 16:11:50,775 DEBUG [LineInfo_to_exitCode.log_LineInfo] 2026-01-22 16:11:50,774 [INFO] ImportTextPane:234 - (OptionalMessage_ERROR) IP (MotorControl) : Invalid parameter (MCU_PACKAGE)
2026-01-22 16:11:50,775 DEBUG [LineInfo_to_exitCode.log_LineInfo] 2026-01-22 16:11:50,774 [INFO] ImportTextPane:234 - (OptionalMessage_ERROR) IP (MotorControl) : Invalid parameter (MCU_TYPE)
2026-01-22 16:11:50,775 DEBUG [LineInfo_to_exitCode.log_LineInfo] 2026-01-22 16:11:50,775 [INFO] ImportTextPane:234 - (OptionalMessage_ERROR) IP (MotorControl) : Invalid parameter (MCU_USERNAME)
2026-01-22 16:11:50,775 DEBUG [LineInfo_to_exitCode.log_LineInfo] 2026-01-22 16:11:50,775 [INFO] ImportTextPane:234 - (OptionalMessage_ERROR) IP (MotorControl) : Invalid parameter (MOTOR_TYPE)
2026-01-22 16:11:50,776 DEBUG [LineInfo_to_exitCode.log_LineInfo] 2026-01-22 16:11:50,775 [INFO] ImportTextPane:234 - (OptionalMessage_ERROR) IP (MotorControl) : Invalid parameter (ON_OVER_VOLTAGE)
2026-01-22 16:11:50,776 DEBUG [LineInfo_to_exitCode.log_LineInfo] 2026-01-22 16:11:50,775 [INFO] ImportTextPane:234 - (OptionalMessage_ERROR) IP (MotorControl) : Invalid parameter (OV_TEMPERATURE_PROT_ENABLING)
2026-01-22 16:11:50,776 DEBUG [LineInfo_to_exitCode.log_LineInfo] 2026-01-22 16:11:50,775 [INFO] ImportTextPane:234 - (OptionalMessage_ERROR) IP (MotorControl) : Invalid parameter (OV_VOLTAGE_PROT_ENABLING)
2026-01-22 16:11:50,777 DEBUG [LineInfo_to_exitCode.log_LineInfo] 2026-01-22 16:11:50,775 [INFO] ImportTextPane:234 - (OptionalMessage_ERROR) IP (MotorControl) : Invalid parameter (PHASE_U_CURR_ADC)
2026-01-22 16:11:50,777 DEBUG [LineInfo_to_exitCode.log_LineInfo] 2026-01-22 16:11:50,776 [INFO] ImportTextPane:234 - (OptionalMessage_ERROR) IP (MotorControl) : Invalid parameter (PHASE_U_GPIO_PIN)
2026-01-22 16:11:50,778 DEBUG [LineInfo_to_exitCode.log_LineInfo] 2026-01-22 16:11:50,776 [INFO] ImportTextPane:234 - (OptionalMessage_ERROR) IP (MotorControl) : Invalid parameter (PHASE_U_GPIO_PORT)
2026-01-22 16:11:50,778 DEBUG [LineInfo_to_exitCode.log_LineInfo] 2026-01-22 16:11:50,776 [INFO] ImportTextPane:234 - (OptionalMessage_ERROR) IP (MotorControl) : Invalid parameter (PHASE_U_PWM_CHANNEL)
2026-01-22 16:11:50,780 DEBUG [LineInfo_to_exitCode.log_LineInfo] 2026-01-22 16:11:50,776 [INFO] ImportTextPane:234 - (OptionalMessage_ERROR) IP (MotorControl) : Invalid parameter (PHASE_UH_GPIO_PIN)
2026-01-22 16:11:50,781 DEBUG [LineInfo_to_exitCode.log_LineInfo] 2026-01-22 16:11:50,777 [INFO] ImportTextPane:234 - (OptionalMessage_ERROR) IP (MotorControl) : Invalid parameter (PHASE_UH_GPIO_PORT)
2026-01-22 16:11:50,782 DEBUG [LineInfo_to_exitCode.log_LineInfo] 2026-01-22 16:11:50,778 [INFO] ImportTextPane:234 - (OptionalMessage_ERROR) IP (MotorControl) : Invalid parameter (PHASE_UL_GPIO_PIN)
2026-01-22 16:11:50,782 DEBUG [LineInfo_to_exitCode.log_LineInfo] 2026-01-22 16:11:50,779 [INFO] ImportTextPane:234 - (OptionalMessage_ERROR) IP (MotorControl) : Invalid parameter (PHASE_UL_GPIO_PORT)
2026-01-22 16:11:50,782 DEBUG [LineInfo_to_exitCode.log_LineInfo] 2026-01-22 16:11:50,780 [INFO] ImportTextPane:234 - (OptionalMessage_ERROR) IP (MotorControl) : Parameter (PHASE_UL_POLARITY) has invalid value (L_ACTIVE_HIGH)
2026-01-22 16:11:50,782 DEBUG [LineInfo_to_exitCode.log_LineInfo] 2026-01-22 16:11:50,780 [INFO] ImportTextPane:234 - (OptionalMessage_ERROR) IP (MotorControl) : Invalid parameter (PHASE_V_CURR_ADC)
2026-01-22 16:11:50,783 DEBUG [LineInfo_to_exitCode.log_LineInfo] 2026-01-22 16:11:50,780 [INFO] ImportTextPane:234 - (OptionalMessage_ERROR) IP (MotorControl) : Invalid parameter (PHASE_V_GPIO_PIN)
2026-01-22 16:11:50,783 DEBUG [LineInfo_to_exitCode.log_LineInfo] 2026-01-22 16:11:50,780 [INFO] ImportTextPane:234 - (OptionalMessage_ERROR) IP (MotorControl) : Invalid parameter (PHASE_V_GPIO_PORT)
2026-01-22 16:11:50,783 DEBUG [LineInfo_to_exitCode.log_LineInfo] 2026-01-22 16:11:50,780 [INFO] ImportTextPane:234 - (OptionalMessage_ERROR) IP (MotorControl) : Invalid parameter (PHASE_V_PWM_CHANNEL)
2026-01-22 16:11:50,783 DEBUG [LineInfo_to_exitCode.log_LineInfo] 2026-01-22 16:11:50,781 [INFO] ImportTextPane:234 - (OptionalMessage_ERROR) IP (MotorControl) : Invalid parameter (PHASE_V_S_CURR_ADC)
2026-01-22 16:11:50,783 DEBUG [LineInfo_to_exitCode.log_LineInfo] 2026-01-22 16:11:50,781 [INFO] ImportTextPane:234 - (OptionalMessage_ERROR) IP (MotorControl) : Invalid parameter (PHASE_V_S_CURR_CHANNEL)
2026-01-22 16:11:50,784 DEBUG [LineInfo_to_exitCode.log_LineInfo] 2026-01-22 16:11:50,781 [INFO] ImportTextPane:234 - (OptionalMessage_ERROR) IP (MotorControl) : Invalid parameter (PHASE_V_S_GPIO_PIN)
2026-01-22 16:11:50,784 DEBUG [LineInfo_to_exitCode.log_LineInfo] 2026-01-22 16:11:50,781 [INFO] ImportTextPane:234 - (OptionalMessage_ERROR) IP (MotorControl) : Invalid parameter (PHASE_V_S_GPIO_PORT)
2026-01-22 16:11:50,784 DEBUG [LineInfo_to_exitCode.log_LineInfo] 2026-01-22 16:11:50,782 [INFO] ImportTextPane:234 - (OptionalMessage_ERROR) IP (MotorControl) : Invalid parameter (PHASE_VH_GPIO_PIN)
2026-01-22 16:11:50,784 DEBUG [LineInfo_to_exitCode.log_LineInfo] 2026-01-22 16:11:50,782 [INFO] ImportTextPane:234 - (OptionalMessage_ERROR) IP (MotorControl) : Invalid parameter (PHASE_VH_GPIO_PORT)
2026-01-22 16:11:50,785 DEBUG [LineInfo_to_exitCode.log_LineInfo] 2026-01-22 16:11:50,782 [INFO] ImportTextPane:234 - (OptionalMessage_ERROR) IP (MotorControl) : Invalid parameter (PHASE_VL_GPIO_PIN)
2026-01-22 16:11:50,785 DEBUG [LineInfo_to_exitCode.log_LineInfo] 2026-01-22 16:11:50,783 [INFO] ImportTextPane:234 - (OptionalMessage_ERROR) IP (MotorControl) : Invalid parameter (PHASE_VL_GPIO_PORT)
2026-01-22 16:11:50,785 DEBUG [LineInfo_to_exitCode.log_LineInfo] 2026-01-22 16:11:50,783 [INFO] ImportTextPane:234 - (OptionalMessage_ERROR) IP (MotorControl) : Parameter (PHASE_VL_POLARITY) has invalid value (L_ACTIVE_HIGH)
2026-01-22 16:11:50,785 DEBUG [LineInfo_to_exitCode.log_LineInfo] 2026-01-22 16:11:50,783 [INFO] ImportTextPane:234 - (OptionalMessage_ERROR) IP (MotorControl) : Invalid parameter (PHASE_W_CURR_ADC)
2026-01-22 16:11:50,785 DEBUG [LineInfo_to_exitCode.log_LineInfo] 2026-01-22 16:11:50,783 [INFO] ImportTextPane:234 - (OptionalMessage_ERROR) IP (MotorControl) : Invalid parameter (PHASE_W_GPIO_PIN)
2026-01-22 16:11:50,786 DEBUG [LineInfo_to_exitCode.log_LineInfo] 2026-01-22 16:11:50,783 [INFO] ImportTextPane:234 - (OptionalMessage_ERROR) IP (MotorControl) : Invalid parameter (PHASE_W_GPIO_PORT)
2026-01-22 16:11:50,786 DEBUG [LineInfo_to_exitCode.log_LineInfo] 2026-01-22 16:11:50,784 [INFO] ImportTextPane:234 - (OptionalMessage_ERROR) IP (MotorControl) : Invalid parameter (PHASE_W_PWM_CHANNEL)
2026-01-22 16:11:50,786 DEBUG [LineInfo_to_exitCode.log_LineInfo] 2026-01-22 16:11:50,784 [INFO] ImportTextPane:234 - (OptionalMessage_ERROR) IP (MotorControl) : Invalid parameter (PHASE_WH_GPIO_PIN)
2026-01-22 16:11:50,786 DEBUG [LineInfo_to_exitCode.log_LineInfo] 2026-01-22 16:11:50,784 [INFO] ImportTextPane:234 - (OptionalMessage_ERROR) IP (MotorControl) : Invalid parameter (PHASE_WH_GPIO_PORT)
2026-01-22 16:11:50,787 DEBUG [LineInfo_to_exitCode.log_LineInfo] 2026-01-22 16:11:50,784 [INFO] ImportTextPane:234 - (OptionalMessage_ERROR) IP (MotorControl) : Invalid parameter (PHASE_WL_GPIO_PIN)
2026-01-22 16:11:50,787 DEBUG [LineInfo_to_exitCode.log_LineInfo] 2026-01-22 16:11:50,784 [INFO] ImportTextPane:234 - (OptionalMessage_ERROR) IP (MotorControl) : Invalid parameter (PHASE_WL_GPIO_PORT)
2026-01-22 16:11:50,787 DEBUG [LineInfo_to_exitCode.log_LineInfo] 2026-01-22 16:11:50,784 [INFO] ImportTextPane:234 - (OptionalMessage_ERROR) IP (MotorControl) : Parameter (PHASE_WL_POLARITY) has invalid value (L_ACTIVE_HIGH)
2026-01-22 16:11:50,787 DEBUG [LineInfo_to_exitCode.log_LineInfo] 2026-01-22 16:11:50,785 [INFO] ImportTextPane:234 - (OptionalMessage_ERROR) IP (MotorControl) : Invalid parameter (POTENTIOMETER_READING)
2026-01-22 16:11:50,788 DEBUG [LineInfo_to_exitCode.log_LineInfo] 2026-01-22 16:11:50,785 [INFO] ImportTextPane:234 - (OptionalMessage_ERROR) IP (MotorControl) : Invalid parameter (PWM_FREQUENCY)
2026-01-22 16:11:50,788 DEBUG [LineInfo_to_exitCode.log_LineInfo] 2026-01-22 16:11:50,785 [INFO] ImportTextPane:234 - (OptionalMessage_ERROR) IP (MotorControl) : Invalid parameter (PWM_TIMER_SELECTION)
2026-01-22 16:11:50,788 DEBUG [LineInfo_to_exitCode.log_LineInfo] 2026-01-22 16:11:50,785 [INFO] ImportTextPane:234 - (OptionalMessage_ERROR) IP (MotorControl) : Invalid parameter (R_BRAKE_SWITCH_OFF_THRES_V)
2026-01-22 16:11:50,788 DEBUG [LineInfo_to_exitCode.log_LineInfo] 2026-01-22 16:11:50,785 [INFO] ImportTextPane:234 - (OptionalMessage_ERROR) IP (MotorControl) : Invalid parameter (REGULATION_EXECUTION_RATE)
2026-01-22 16:11:50,789 DEBUG [LineInfo_to_exitCode.log_LineInfo] 2026-01-22 16:11:50,785 [INFO] ImportTextPane:234 - (OptionalMessage_ERROR) IP (MotorControl) : Invalid parameter (SINGLEDRIVE)
2026-01-22 16:11:50,789 DEBUG [LineInfo_to_exitCode.log_LineInfo] 2026-01-22 16:11:50,785 [INFO] ImportTextPane:234 - (OptionalMessage_ERROR) IP (MotorControl) : Invalid parameter (SPD_DIFFERENTIAL_TERM_ENABLING)
2026-01-22 16:11:50,789 DEBUG [LineInfo_to_exitCode.log_LineInfo] 2026-01-22 16:11:50,786 [INFO] ImportTextPane:234 - (OptionalMessage_ERROR) IP (MotorControl) : Invalid parameter (SPEED_SENSOR_SELECTION)
2026-01-22 16:11:50,789 DEBUG [LineInfo_to_exitCode.log_LineInfo] 2026-01-22 16:11:50,786 [INFO] ImportTextPane:234 - (OptionalMessage_ERROR) IP (MotorControl) : Invalid parameter (START_STOP_GPIO_IRQ)
2026-01-22 16:11:50,789 DEBUG [LineInfo_to_exitCode.log_LineInfo] 2026-01-22 16:11:50,786 [INFO] ImportTextPane:234 - (OptionalMessage_ERROR) IP (MotorControl) : Invalid parameter (START_STOP_POLARITY)
2026-01-22 16:11:50,790 DEBUG [LineInfo_to_exitCode.log_LineInfo] 2026-01-22 16:11:50,786 [INFO] ImportTextPane:234 - (OptionalMessage_ERROR) IP (MotorControl) : Invalid parameter (START_STOP_POLARITY_EDGE)
2026-01-22 16:11:50,790 DEBUG [LineInfo_to_exitCode.log_LineInfo] 2026-01-22 16:11:50,786 [INFO] ImportTextPane:234 - (OptionalMessage_ERROR) IP (MotorControl) : Invalid parameter (STM32G474RE)
2026-01-22 16:11:50,790 DEBUG [LineInfo_to_exitCode.log_LineInfo] 2026-01-22 16:11:50,786 [INFO] ImportTextPane:234 - (OptionalMessage_ERROR) IP (MotorControl) : Invalid parameter (SW_DEADTIME_NS)
2026-01-22 16:11:50,790 DEBUG [LineInfo_to_exitCode.log_LineInfo] 2026-01-22 16:11:50,786 [INFO] ImportTextPane:234 - (OptionalMessage_ERROR) IP (MotorControl) : Invalid parameter (TEMP_ADC_SAMPLING_TIME)
2026-01-22 16:11:50,791 DEBUG [LineInfo_to_exitCode.log_LineInfo] 2026-01-22 16:11:50,787 [INFO] ImportTextPane:234 - (OptionalMessage_ERROR) IP (MotorControl) : Invalid parameter (TEMP_FDBK_ADC)
2026-01-22 16:11:50,791 DEBUG [LineInfo_to_exitCode.log_LineInfo] 2026-01-22 16:11:50,787 [INFO] ImportTextPane:234 - (OptionalMessage_ERROR) IP (MotorControl) : Invalid parameter (TEMP_FDBK_CHANNEL)
2026-01-22 16:11:50,791 DEBUG [LineInfo_to_exitCode.log_LineInfo] 2026-01-22 16:11:50,787 [INFO] ImportTextPane:234 - (OptionalMessage_ERROR) IP (MotorControl) : Invalid parameter (TEMP_FDBK_GPIO_PIN)
2026-01-22 16:11:50,792 DEBUG [LineInfo_to_exitCode.log_LineInfo] 2026-01-22 16:11:50,787 [INFO] ImportTextPane:234 - (OptionalMessage_ERROR) IP (MotorControl) : Invalid parameter (TEMP_FDBK_GPIO_PORT)
2026-01-22 16:11:50,792 DEBUG [LineInfo_to_exitCode.log_LineInfo] 2026-01-22 16:11:50,787 [INFO] ImportTextPane:234 - (OptionalMessage_ERROR) IP (MotorControl) : Invalid parameter (TEMPERATURE_READING)
2026-01-22 16:11:50,792 DEBUG [LineInfo_to_exitCode.log_LineInfo] 2026-01-22 16:11:50,787 [INFO] ImportTextPane:234 - (OptionalMessage_ERROR) IP (MotorControl) : Invalid parameter (TFDIFFERENTIAL_TERM_ENABLING)
2026-01-22 16:11:50,792 DEBUG [LineInfo_to_exitCode.log_LineInfo] 2026-01-22 16:11:50,787 [INFO] ImportTextPane:234 - (OptionalMessage_ERROR) IP (MotorControl) : Invalid parameter (TRISE_NS)
2026-01-22 16:11:50,792 DEBUG [LineInfo_to_exitCode.log_LineInfo] 2026-01-22 16:11:50,788 [INFO] ImportTextPane:234 - (OptionalMessage_ERROR) IP (MotorControl) : Invalid parameter (USART_RX_GPIO_PIN)
2026-01-22 16:11:50,793 DEBUG [LineInfo_to_exitCode.log_LineInfo] 2026-01-22 16:11:50,788 [INFO] ImportTextPane:234 - (OptionalMessage_ERROR) IP (MotorControl) : Invalid parameter (USART_RX_GPIO_PORT)
2026-01-22 16:11:50,793 DEBUG [LineInfo_to_exitCode.log_LineInfo] 2026-01-22 16:11:50,788 [INFO] ImportTextPane:234 - (OptionalMessage_ERROR) IP (MotorControl) : Invalid parameter (USART_SELECTION)
2026-01-22 16:11:50,793 DEBUG [LineInfo_to_exitCode.log_LineInfo] 2026-01-22 16:11:50,788 [INFO] ImportTextPane:234 - (OptionalMessage_ERROR) IP (MotorControl) : Invalid parameter (USART_SPEED)
2026-01-22 16:11:50,794 DEBUG [LineInfo_to_exitCode.log_LineInfo] 2026-01-22 16:11:50,789 [INFO] ImportTextPane:234 - (OptionalMessage_ERROR) IP (MotorControl) : Invalid parameter (USART_TX_GPIO_PIN)
2026-01-22 16:11:50,794 DEBUG [LineInfo_to_exitCode.log_LineInfo] 2026-01-22 16:11:50,789 [INFO] ImportTextPane:234 - (OptionalMessage_ERROR) IP (MotorControl) : Invalid parameter (USART_TX_GPIO_PORT)
2026-01-22 16:11:50,795 DEBUG [LineInfo_to_exitCode.log_LineInfo] 2026-01-22 16:11:50,789 [INFO] ImportTextPane:234 - (OptionalMessage_ERROR) IP (MotorControl) : Invalid parameter (USE_3OPAMPS)
2026-01-22 16:11:50,795 DEBUG [LineInfo_to_exitCode.log_LineInfo] 2026-01-22 16:11:50,790 [INFO] ImportTextPane:234 - (OptionalMessage_ERROR) IP (MotorControl) : Invalid parameter (USE_INTERNAL_OPAMP)
2026-01-22 16:11:50,795 DEBUG [LineInfo_to_exitCode.log_LineInfo] 2026-01-22 16:11:50,790 [INFO] ImportTextPane:234 - (OptionalMessage_ERROR) IP (MotorControl) : Invalid parameter (UV_VOLTAGE_PROT_ENABLING)
2026-01-22 16:11:50,795 DEBUG [LineInfo_to_exitCode.log_LineInfo] 2026-01-22 16:11:50,790 [INFO] ImportTextPane:234 - (OptionalMessage_ERROR) IP (MotorControl) : Invalid parameter (VBUS_ADC)
2026-01-22 16:11:50,796 DEBUG [LineInfo_to_exitCode.log_LineInfo] 2026-01-22 16:11:50,790 [INFO] ImportTextPane:234 - (OptionalMessage_ERROR) IP (MotorControl) : Invalid parameter (VBUS_ADC_SAMPLING_TIME)
2026-01-22 16:11:50,796 DEBUG [LineInfo_to_exitCode.log_LineInfo] 2026-01-22 16:11:50,790 [INFO] ImportTextPane:234 - (OptionalMessage_ERROR) IP (MotorControl) : Invalid parameter (VBUS_CHANNEL)
2026-01-22 16:11:50,796 DEBUG [LineInfo_to_exitCode.log_LineInfo] 2026-01-22 16:11:50,790 [INFO] ImportTextPane:234 - (OptionalMessage_ERROR) IP (MotorControl) : Invalid parameter (VBUS_GPIO_PIN)
2026-01-22 16:11:50,796 DEBUG [LineInfo_to_exitCode.log_LineInfo] 2026-01-22 16:11:50,790 [INFO] ImportTextPane:234 - (OptionalMessage_ERROR) IP (MotorControl) : Invalid parameter (VBUS_GPIO_PORT)
2026-01-22 16:11:50,796 DEBUG [LineInfo_to_exitCode.log_LineInfo] 2026-01-22 16:11:50,790 [INFO] ImportTextPane:234 - (OptionalMessage_ERROR) IP (MotorControl) : Invalid parameter (WB_MX_HEAPSIZE)
2026-01-22 16:11:50,797 DEBUG [LineInfo_to_exitCode.log_LineInfo] 2026-01-22 16:11:50,791 [INFO] ImportTextPane:234 - (OptionalMessage_ERROR) IP (MotorControl) : Invalid parameter (WB_MX_STACKSIZE)
2026-01-22 16:11:50,797 DEBUG [LineInfo_to_exitCode.log_LineInfo] 2026-01-22 16:11:50,791 [INFO] ImportTextPane:234 - (OptionalMessage_ERROR) IP (MotorControl) : Invalid parameter (WB_MX_TRUSTZONE_AVAILABLE)
2026-01-22 16:11:50,797 DEBUG [LineInfo_to_exitCode.log_LineInfo] 2026-01-22 16:11:50,791 [INFO] ImportTextPane:234 - (OptionalMessage_ERROR) IP (MotorControl) : Invalid parameter (WB_to_Mx_template_version)
2026-01-22 16:11:50,797 DEBUG [LineInfo_to_exitCode.log_LineInfo] 2026-01-22 16:11:50,791 [INFO] ImportTextPane:234 - (OptionalMessage_ERROR) IP (MotorControl) : Invalid parameter (WB_to_Mx_version)
2026-01-22 16:11:50,798 DEBUG [LineInfo_to_exitCode.log_LineInfo] 2026-01-22 16:11:50,791 [INFO] ImportTextPane:234 - (OptionalMessage_ERROR) IP (MotorControl) : Invalid parameter (WB_UI_CUTOFF_FREQUENCY)
2026-01-22 16:11:50,798 DEBUG [LineInfo_to_exitCode.log_LineInfo] 2026-01-22 16:11:50,791 [INFO] ImportTextPane:234 - (OptionalMessage_ERROR) IP (MotorControl) : Invalid parameter (WB_UI_DP_DISABLING_ENABLE)
2026-01-22 16:11:50,798 DEBUG [LineInfo_to_exitCode.log_LineInfo] 2026-01-22 16:11:50,791 [INFO] ImportTextPane:234 - (OptionalMessage_ERROR) IP (MotorControl) : Invalid parameter (WB_UI_ENCODER_HAS_INDEX_PIN)
2026-01-22 16:11:50,798 DEBUG [LineInfo_to_exitCode.log_LineInfo] 2026-01-22 16:11:50,791 [INFO] ImportTextPane:234 - (OptionalMessage_ERROR) IP (MotorControl) : Invalid parameter (WB_UI_FLUX_TARGET)
2026-01-22 16:11:50,798 DEBUG [LineInfo_to_exitCode.log_LineInfo] 2026-01-22 16:11:50,792 [INFO] ImportTextPane:234 - (OptionalMessage_ERROR) IP (MotorControl) : Invalid parameter (WB_UI_FRICTION)
2026-01-22 16:11:50,798 DEBUG [LineInfo_to_exitCode.log_LineInfo] 2026-01-22 16:11:50,792 [INFO] ImportTextPane:234 - (OptionalMessage_ERROR) IP (MotorControl) : Invalid parameter (WB_UI_INERTIA)
2026-01-22 16:11:50,798 DEBUG [LineInfo_to_exitCode.log_LineInfo] 2026-01-22 16:11:50,792 [INFO] ImportTextPane:234 - (OptionalMessage_ERROR) IP (MotorControl) : Invalid parameter (WB_UI_MAGNETIC_STRUCTURE)
2026-01-22 16:11:50,798 DEBUG [LineInfo_to_exitCode.log_LineInfo] 2026-01-22 16:11:50,792 [INFO] ImportTextPane:234 - (OptionalMessage_ERROR) IP (MotorControl) : Invalid parameter (WB_UI_MAX_CURRENT)
2026-01-22 16:11:50,799 DEBUG [LineInfo_to_exitCode.log_LineInfo] 2026-01-22 16:11:50,792 [INFO] ImportTextPane:234 - (OptionalMessage_ERROR) IP (MotorControl) : Invalid parameter (WB_UI_MAX_NOMINAL_DC_VOLTAGE)
2026-01-22 16:11:50,799 DEBUG [LineInfo_to_exitCode.log_LineInfo] 2026-01-22 16:11:50,793 [INFO] ImportTextPane:234 - (OptionalMessage_ERROR) IP (MotorControl) : Invalid parameter (WB_UI_MAX_PWMFREQUENCY)
2026-01-22 16:11:50,799 DEBUG [LineInfo_to_exitCode.log_LineInfo] 2026-01-22 16:11:50,793 [INFO] ImportTextPane:234 - (OptionalMessage_ERROR) IP (MotorControl) : Invalid parameter (WB_UI_MOTOR_DESCRIPTION)
2026-01-22 16:11:50,799 DEBUG [LineInfo_to_exitCode.log_LineInfo] 2026-01-22 16:11:50,794 [INFO] ImportTextPane:234 - (OptionalMessage_ERROR) IP (MotorControl) : Invalid parameter (WB_UI_PW_BOARD_MAX_RATED_CURRENT)
2026-01-22 16:11:50,799 DEBUG [LineInfo_to_exitCode.log_LineInfo] 2026-01-22 16:11:50,795 [INFO] ImportTextPane:234 - (OptionalMessage_ERROR) IP (MotorControl) : Invalid parameter (WB_UI_PW_BOARD_MAX_VOLTAGE)
2026-01-22 16:11:50,799 DEBUG [LineInfo_to_exitCode.log_LineInfo] 2026-01-22 16:11:50,795 [INFO] ImportTextPane:234 - (OptionalMessage_ERROR) IP (MotorControl) : Invalid parameter (WB_UI_PW_BOARD_MIN_VOLTAGE)
2026-01-22 16:11:50,799 DEBUG [LineInfo_to_exitCode.log_LineInfo] 2026-01-22 16:11:50,796 [INFO] ImportTextPane:234 - (OptionalMessage_ERROR) IP (MotorControl) : Invalid parameter (WB_UI_VPOL)
2026-01-22 16:11:50,799 DEBUG [LineInfo_to_exitCode.log_LineInfo] 2026-01-22 16:11:50,797 [INFO] ImportTextPane:234 - (OptionalMessage_ERROR) IP (RCC) : Invalid parameter (FamilyName)
2026-01-22 16:11:50,800 DEBUG [LineInfo_to_exitCode.log_LineInfo] 2026-01-22 16:11:50,798 [INFO] ImportTextPane:234 - (OptionalMessage_ERROR) IP (RCC) : Parameter (RNGFreq_Value) has invalid value (170000000)
2026-01-22 16:11:50,800 DEBUG [LineInfo_to_exitCode.log_LineInfo] 2026-01-22 16:11:50,798 [INFO] ImportTextPane:234 - (OptionalMessage_ERROR) IP (RCC) : Parameter (USBFreq_Value) has invalid value (170000000)
2026-01-22 16:11:50,847 DEBUG [LineInfo_to_exitCode.log_LineInfo] 2026-01-22 16:11:50,847 [INFO] ImportTextPane:234 - (OptionalMessage_ERROR) IP (TIM1) : Parameter (TIM_SlaveMode) has invalid value (TIM_SLAVEMODE_TRIGGER)
2026-01-22 16:11:50,857 DEBUG [LineInfo_to_exitCode.log_LineInfo] 2026-01-22 16:11:50,857 [INFO] ImportTextPane:234 - (OptionalMessage_ERROR) IP (TIM1) : Parameter (SourceBRK2DigInputPolarity) has invalid value (TIM_BREAKINPUTSOURCE_POLARITY_LOW)
2026-01-22 16:11:51,573 DEBUG [LineInfo_to_exitCode.log_LineInfo] 2026-01-22 16:11:51,572 [INFO] UtilMem:75 - End LoadConfig() Used Memory: 459443456 Bytes (1006632960)
2026-01-22 16:11:51,758 DEBUG [LineInfo_to_exitCode.log_LineInfo] 2026-01-22 16:11:51,758 [INFO] ThirdParty:835 - entering critical section [change project]
2026-01-22 16:11:51,758 DEBUG [LineInfo_to_exitCode.log_LineInfo] 2026-01-22 16:11:51,758 [INFO] ThirdParty:1030 - CMSIS Pack Vendor :STMicroelectronics X-CUBE-PM33A1 1.0.0
2026-01-22 16:11:51,758 DEBUG [LineInfo_to_exitCode.log_LineInfo] 2026-01-22 16:11:51,758 [INFO] ThirdParty:1030 - CMSIS Pack Vendor :STMicroelectronics USBPD 4.1
2026-01-22 16:11:51,758 DEBUG [LineInfo_to_exitCode.log_LineInfo] 2026-01-22 16:11:51,758 [INFO] ThirdParty:1030 - CMSIS Pack Vendor :STMicroelectronics X-CUBE-GNSS1 6.0.0
2026-01-22 16:11:51,759 DEBUG [LineInfo_to_exitCode.log_LineInfo] 2026-01-22 16:11:51,758 [INFO] ThirdParty:1030 - CMSIS Pack Vendor :STMicroelectronics USB_HOST 2.0.0
2026-01-22 16:11:51,759 DEBUG [LineInfo_to_exitCode.log_LineInfo] 2026-01-22 16:11:51,758 [INFO] ThirdParty:1030 - CMSIS Pack Vendor :STMicroelectronics FP-SNS-MOTENVWB1 1.4.0
2026-01-22 16:11:51,759 DEBUG [LineInfo_to_exitCode.log_LineInfo] 2026-01-22 16:11:51,758 [INFO] ThirdParty:1030 - CMSIS Pack Vendor :STMicroelectronics X-CUBE-AZRTOS-F4 1.1.0
2026-01-22 16:11:51,759 DEBUG [LineInfo_to_exitCode.log_LineInfo] 2026-01-22 16:11:51,758 [INFO] ThirdParty:1030 - CMSIS Pack Vendor :STMicroelectronics LIBJPEG 8.0.0
2026-01-22 16:11:51,759 DEBUG [LineInfo_to_exitCode.log_LineInfo] 2026-01-22 16:11:51,758 [INFO] ThirdParty:1030 - CMSIS Pack Vendor :STMicroelectronics FP-ATR-ASTRA1 2.0.2
2026-01-22 16:11:51,759 DEBUG [LineInfo_to_exitCode.log_LineInfo] 2026-01-22 16:11:51,758 [INFO] ThirdParty:1030 - CMSIS Pack Vendor :wolfSSL I-CUBE-wolfSSL 5.6.4
2026-01-22 16:11:51,760 DEBUG [LineInfo_to_exitCode.log_LineInfo] 2026-01-22 16:11:51,758 [INFO] ThirdParty:1030 - CMSIS Pack Vendor :STMicroelectronics FP-ATR-ASTRA1 2.0.1
2026-01-22 16:11:51,760 DEBUG [LineInfo_to_exitCode.log_LineInfo] 2026-01-22 16:11:51,758 [INFO] ThirdParty:1030 - CMSIS Pack Vendor :Avnet-IotConnect X-CUBE-IoTC-DA16k-PMOD 1.0.0
2026-01-22 16:11:51,760 DEBUG [LineInfo_to_exitCode.log_LineInfo] 2026-01-22 16:11:51,758 [INFO] ThirdParty:1030 - CMSIS Pack Vendor :STMicroelectronics X-CUBE-SMBUS 2.1.0
2026-01-22 16:11:51,760 DEBUG [LineInfo_to_exitCode.log_LineInfo] 2026-01-22 16:11:51,758 [INFO] ThirdParty:1030 - CMSIS Pack Vendor :STMicroelectronics X-CUBE-WB05N 1.1.0
2026-01-22 16:11:51,760 DEBUG [LineInfo_to_exitCode.log_LineInfo] 2026-01-22 16:11:51,758 [INFO] ThirdParty:1030 - CMSIS Pack Vendor :STMicroelectronics X-CUBE-ISPU 2.1.0
2026-01-22 16:11:51,760 DEBUG [LineInfo_to_exitCode.log_LineInfo] 2026-01-22 16:11:51,759 [INFO] ThirdParty:1030 - CMSIS Pack Vendor :STMicroelectronics X-CUBE-IPS 3.2.0
2026-01-22 16:11:51,760 DEBUG [LineInfo_to_exitCode.log_LineInfo] 2026-01-22 16:11:51,759 [INFO] ThirdParty:1030 - CMSIS Pack Vendor :STMicroelectronics X-CUBE-FREERTOS 1.2.0
2026-01-22 16:11:51,761 DEBUG [LineInfo_to_exitCode.log_LineInfo] 2026-01-22 16:11:51,759 [INFO] ThirdParty:1030 - CMSIS Pack Vendor :STMicroelectronics X-CUBE-ST60 1.0.0
2026-01-22 16:11:51,761 DEBUG [LineInfo_to_exitCode.log_LineInfo] 2026-01-22 16:11:51,759 [INFO] ThirdParty:1030 - CMSIS Pack Vendor :STMicroelectronics X-CUBE-TOUCHGFX 4.23.0
2026-01-22 16:11:51,761 DEBUG [LineInfo_to_exitCode.log_LineInfo] 2026-01-22 16:11:51,759 [INFO] ThirdParty:1030 - CMSIS Pack Vendor :STMicroelectronics X-CUBE-NFC12 1.0.0
2026-01-22 16:11:51,762 DEBUG [LineInfo_to_exitCode.log_LineInfo] 2026-01-22 16:11:51,759 [INFO] ThirdParty:1030 - CMSIS Pack Vendor :STMicroelectronics X-CUBE-TOUCHGFX 4.23.2
2026-01-22 16:11:51,762 DEBUG [LineInfo_to_exitCode.log_LineInfo] 2026-01-22 16:11:51,759 [INFO] ThirdParty:1030 - CMSIS Pack Vendor :STMicroelectronics X-CUBE-AZRTOS-F7 1.1.0
2026-01-22 16:11:51,762 DEBUG [LineInfo_to_exitCode.log_LineInfo] 2026-01-22 16:11:51,759 [INFO] ThirdParty:1030 - CMSIS Pack Vendor :STMicroelectronics X-CUBE-AZRTOS-L5 2.0.0
2026-01-22 16:11:51,763 DEBUG [LineInfo_to_exitCode.log_LineInfo] 2026-01-22 16:11:51,759 [INFO] ThirdParty:1030 - CMSIS Pack Vendor :STMicroelectronics USB_DEVICE 2.0.0
2026-01-22 16:11:51,763 DEBUG [LineInfo_to_exitCode.log_LineInfo] 2026-01-22 16:11:51,759 [INFO] ThirdParty:1030 - CMSIS Pack Vendor :STMicroelectronics X-CUBE-EEPRMA1 4.2.0
2026-01-22 16:11:51,763 DEBUG [LineInfo_to_exitCode.log_LineInfo] 2026-01-22 16:11:51,759 [INFO] ThirdParty:1030 - CMSIS Pack Vendor :STMicroelectronics X-CUBE-NFC6 3.1.0
2026-01-22 16:11:51,763 DEBUG [LineInfo_to_exitCode.log_LineInfo] 2026-01-22 16:11:51,759 [INFO] ThirdParty:1030 - CMSIS Pack Vendor :ITTIA_DB I-CUBE-ITTIADB 8.8.0
2026-01-22 16:11:51,763 DEBUG [LineInfo_to_exitCode.log_LineInfo] 2026-01-22 16:11:51,759 [INFO] ThirdParty:1030 - CMSIS Pack Vendor :STMicroelectronics FP-SNS-MOTENV1 4.3.2
2026-01-22 16:11:51,763 DEBUG [LineInfo_to_exitCode.log_LineInfo] 2026-01-22 16:11:51,759 [INFO] ThirdParty:1030 - CMSIS Pack Vendor :STMicroelectronics X-CUBE-MEMS1 11.0.0
2026-01-22 16:11:51,764 DEBUG [LineInfo_to_exitCode.log_LineInfo] 2026-01-22 16:11:51,759 [INFO] ThirdParty:1030 - CMSIS Pack Vendor :STMicroelectronics FP-SNS-MOTENV1 5.1.0
2026-01-22 16:11:51,764 DEBUG [LineInfo_to_exitCode.log_LineInfo] 2026-01-22 16:11:51,760 [INFO] ThirdParty:1030 - CMSIS Pack Vendor :STMicroelectronics FreeRTOS 0.0.1
2026-01-22 16:11:51,764 DEBUG [LineInfo_to_exitCode.log_LineInfo] 2026-01-22 16:11:51,760 [INFO] ThirdParty:1030 - CMSIS Pack Vendor :STMicroelectronics X-CUBE-DPower 1.2.0
2026-01-22 16:11:51,764 DEBUG [LineInfo_to_exitCode.log_LineInfo] 2026-01-22 16:11:51,760 [INFO] ThirdParty:1030 - CMSIS Pack Vendor :STMicroelectronics FP-SNS-FLIGHT1 5.0.2
2026-01-22 16:11:51,764 DEBUG [LineInfo_to_exitCode.log_LineInfo] 2026-01-22 16:11:51,760 [INFO] ThirdParty:1030 - CMSIS Pack Vendor :STMicroelectronics X-CUBE-AI 9.0.0
2026-01-22 16:11:51,765 DEBUG [LineInfo_to_exitCode.log_LineInfo] 2026-01-22 16:11:51,760 [INFO] ThirdParty:1030 - CMSIS Pack Vendor :STMicroelectronics PDM2PCM 3.3.0
2026-01-22 16:11:51,765 DEBUG [LineInfo_to_exitCode.log_LineInfo] 2026-01-22 16:11:51,760 [INFO] ThirdParty:1030 - CMSIS Pack Vendor :STMicroelectronics X-CUBE-AZRTOS-H7 3.4.0
2026-01-22 16:11:51,765 DEBUG [LineInfo_to_exitCode.log_LineInfo] 2026-01-22 16:11:51,760 [INFO] ThirdParty:1030 - CMSIS Pack Vendor :STMicroelectronics X-CUBE-DISPLAY 3.0.0
2026-01-22 16:11:51,765 DEBUG [LineInfo_to_exitCode.log_LineInfo] 2026-01-22 16:11:51,760 [INFO] ThirdParty:1030 - CMSIS Pack Vendor :STMicroelectronics X-CUBE-BLE1 7.0.0
2026-01-22 16:11:51,765 DEBUG [LineInfo_to_exitCode.log_LineInfo] 2026-01-22 16:11:51,760 [INFO] ThirdParty:1030 - CMSIS Pack Vendor :STMicroelectronics X-CUBE-NFC10 1.0.0
2026-01-22 16:11:51,765 DEBUG [LineInfo_to_exitCode.log_LineInfo] 2026-01-22 16:11:51,760 [INFO] ThirdParty:1030 - CMSIS Pack Vendor :STMicroelectronics X-CUBE-BLEMGR 4.0.0
2026-01-22 16:11:51,765 DEBUG [LineInfo_to_exitCode.log_LineInfo] 2026-01-22 16:11:51,760 [INFO] ThirdParty:1030 - CMSIS Pack Vendor :STMicroelectronics X-CUBE-FREERTOS 1.3.1
2026-01-22 16:11:51,765 DEBUG [LineInfo_to_exitCode.log_LineInfo] 2026-01-22 16:11:51,760 [INFO] ThirdParty:1030 - CMSIS Pack Vendor :STMicroelectronics HAL Drivers 0.0.0
2026-01-22 16:11:51,766 DEBUG [LineInfo_to_exitCode.log_LineInfo] 2026-01-22 16:11:51,760 [INFO] ThirdParty:1030 - CMSIS Pack Vendor :STMicroelectronics X-CUBE-ST60 1.1.0
2026-01-22 16:11:51,766 DEBUG [LineInfo_to_exitCode.log_LineInfo] 2026-01-22 16:11:51,760 [INFO] ThirdParty:1030 - CMSIS Pack Vendor :emotas I-CUBE-CANOPEN 1.3.0
2026-01-22 16:11:51,766 DEBUG [LineInfo_to_exitCode.log_LineInfo] 2026-01-22 16:11:51,761 [INFO] ThirdParty:1030 - CMSIS Pack Vendor :STMicroelectronics X-CUBE-FREERTOS 1.3.0
2026-01-22 16:11:51,766 DEBUG [LineInfo_to_exitCode.log_LineInfo] 2026-01-22 16:11:51,761 [INFO] ThirdParty:1030 - CMSIS Pack Vendor :STMicroelectronics X-CUBE-NFC7 1.0.1
2026-01-22 16:11:51,766 DEBUG [LineInfo_to_exitCode.log_LineInfo] 2026-01-22 16:11:51,761 [INFO] ThirdParty:1030 - CMSIS Pack Vendor :STMicroelectronics MBEDTLS 2.14.1
2026-01-22 16:11:51,766 DEBUG [LineInfo_to_exitCode.log_LineInfo] 2026-01-22 16:11:51,761 [INFO] ThirdParty:1030 - CMSIS Pack Vendor :STMicroelectronics X-CUBE-GNSS1 7.1.0
2026-01-22 16:11:51,766 DEBUG [LineInfo_to_exitCode.log_LineInfo] 2026-01-22 16:11:51,761 [INFO] ThirdParty:1030 - CMSIS Pack Vendor :wolfSSL I-CUBE-wolfTPM 3.2.0
2026-01-22 16:11:51,766 DEBUG [LineInfo_to_exitCode.log_LineInfo] 2026-01-22 16:11:51,761 [INFO] ThirdParty:1030 - CMSIS Pack Vendor :STMicroelectronics X-CUBE-TOUCHGFX 4.26.0
2026-01-22 16:11:51,766 DEBUG [LineInfo_to_exitCode.log_LineInfo] 2026-01-22 16:11:51,761 [INFO] ThirdParty:1030 - CMSIS Pack Vendor :STMicroelectronics X-CUBE-NFC6 3.0.0
2026-01-22 16:11:51,767 DEBUG [LineInfo_to_exitCode.log_LineInfo] 2026-01-22 16:11:51,761 [INFO] ThirdParty:1030 - CMSIS Pack Vendor :STMicroelectronics X-CUBE-BLEMGR 3.1.0
2026-01-22 16:11:51,767 DEBUG [LineInfo_to_exitCode.log_LineInfo] 2026-01-22 16:11:51,761 [INFO] ThirdParty:1030 - CMSIS Pack Vendor :STMicroelectronics X-CUBE-AI 10.0.0
2026-01-22 16:11:51,767 DEBUG [LineInfo_to_exitCode.log_LineInfo] 2026-01-22 16:11:51,761 [INFO] ThirdParty:1030 - CMSIS Pack Vendor :STMicroelectronics FP-SNS-STBOX1 2.1.0
2026-01-22 16:11:51,767 DEBUG [LineInfo_to_exitCode.log_LineInfo] 2026-01-22 16:11:51,761 [INFO] ThirdParty:1030 - CMSIS Pack Vendor :STMicroelectronics FP-SNS-STAIOTCFT 1.0.0
2026-01-22 16:11:51,767 DEBUG [LineInfo_to_exitCode.log_LineInfo] 2026-01-22 16:11:51,762 [INFO] ThirdParty:1030 - CMSIS Pack Vendor :STMicroelectronics FP-SNS-SMARTAG2 1.2.0
2026-01-22 16:11:51,767 DEBUG [LineInfo_to_exitCode.log_LineInfo] 2026-01-22 16:11:51,762 [INFO] ThirdParty:1030 - CMSIS Pack Vendor :STMicroelectronics FP-SNS-FLIGHT1 5.1.0
2026-01-22 16:11:51,767 DEBUG [LineInfo_to_exitCode.log_LineInfo] 2026-01-22 16:11:51,762 [INFO] ThirdParty:1030 - CMSIS Pack Vendor :STMicroelectronics X-CUBE-MEMS1 11.1.0
2026-01-22 16:11:51,767 DEBUG [LineInfo_to_exitCode.log_LineInfo] 2026-01-22 16:11:51,762 [INFO] ThirdParty:1030 - CMSIS Pack Vendor :STMicroelectronics X-CUBE-AZRTOS-WL 2.0.0
2026-01-22 16:11:51,768 DEBUG [LineInfo_to_exitCode.log_LineInfo] 2026-01-22 16:11:51,762 [INFO] ThirdParty:1030 - CMSIS Pack Vendor :STMicroelectronics X-CUBE-DPower 1.3.0
2026-01-22 16:11:51,768 DEBUG [LineInfo_to_exitCode.log_LineInfo] 2026-01-22 16:11:51,762 [INFO] ThirdParty:1030 - CMSIS Pack Vendor :STMicroelectronics FP-SNS-MOTENV1 5.0.0
2026-01-22 16:11:51,768 DEBUG [LineInfo_to_exitCode.log_LineInfo] 2026-01-22 16:11:51,762 [INFO] ThirdParty:1030 - CMSIS Pack Vendor :STMicroelectronics USB_DEVICE 1.0.0
2026-01-22 16:11:51,768 DEBUG [LineInfo_to_exitCode.log_LineInfo] 2026-01-22 16:11:51,762 [INFO] ThirdParty:1030 - CMSIS Pack Vendor :STMicroelectronics X-CUBE-AZRTOS-H7RS 1.2.0
2026-01-22 16:11:51,771 DEBUG [LineInfo_to_exitCode.log_LineInfo] 2026-01-22 16:11:51,762 [INFO] ThirdParty:1030 - CMSIS Pack Vendor :STMicroelectronics X-CUBE-AI 8.1.0
2026-01-22 16:11:51,772 DEBUG [LineInfo_to_exitCode.log_LineInfo] 2026-01-22 16:11:51,762 [INFO] ThirdParty:1030 - CMSIS Pack Vendor :wolfSSL I-CUBE-wolfMQTT 1.19.0
2026-01-22 16:11:51,772 DEBUG [LineInfo_to_exitCode.log_LineInfo] 2026-01-22 16:11:51,762 [INFO] ThirdParty:1030 - CMSIS Pack Vendor :STMicroelectronics X-CUBE-AZRTOS-L4 2.0.0
2026-01-22 16:11:51,772 DEBUG [LineInfo_to_exitCode.log_LineInfo] 2026-01-22 16:11:51,762 [INFO] ThirdParty:1030 - CMSIS Pack Vendor :STMicroelectronics ThreadX 0.0.2
2026-01-22 16:11:51,772 DEBUG [LineInfo_to_exitCode.log_LineInfo] 2026-01-22 16:11:51,762 [INFO] ThirdParty:1030 - CMSIS Pack Vendor :WES I-CUBE-Cesium 1.3.0
2026-01-22 16:11:51,772 DEBUG [LineInfo_to_exitCode.log_LineInfo] 2026-01-22 16:11:51,763 [INFO] ThirdParty:1030 - CMSIS Pack Vendor :STMicroelectronics lwIP 2.1.2
2026-01-22 16:11:51,772 DEBUG [LineInfo_to_exitCode.log_LineInfo] 2026-01-22 16:11:51,763 [INFO] ThirdParty:1030 - CMSIS Pack Vendor :STMicroelectronics X-CUBE-SFXS2LP1 4.0.0
2026-01-22 16:11:51,773 DEBUG [LineInfo_to_exitCode.log_LineInfo] 2026-01-22 16:11:51,763 [INFO] ThirdParty:1030 - CMSIS Pack Vendor :STMicroelectronics X-CUBE-BLE2 3.3.0
2026-01-22 16:11:51,773 DEBUG [LineInfo_to_exitCode.log_LineInfo] 2026-01-22 16:11:51,763 [INFO] ThirdParty:1030 - CMSIS Pack Vendor :Avnet-IOTCONNECT X-CUBE-iotc-st67-sdk 1.0.0
2026-01-22 16:11:51,773 DEBUG [LineInfo_to_exitCode.log_LineInfo] 2026-01-22 16:11:51,763 [INFO] ThirdParty:1030 - CMSIS Pack Vendor :STMicroelectronics PDM2PCM 3.2.0
2026-01-22 16:11:51,773 DEBUG [LineInfo_to_exitCode.log_LineInfo] 2026-01-22 16:11:51,763 [INFO] ThirdParty:1030 - CMSIS Pack Vendor :STMicroelectronics X-CUBE-ST67W61 1.2.0
2026-01-22 16:11:51,773 DEBUG [LineInfo_to_exitCode.log_LineInfo] 2026-01-22 16:11:51,763 [INFO] ThirdParty:1030 - CMSIS Pack Vendor :STMicroelectronics X-CUBE-AZRTOS-H7 3.3.0
2026-01-22 16:11:51,773 DEBUG [LineInfo_to_exitCode.log_LineInfo] 2026-01-22 16:11:51,763 [INFO] ThirdParty:1030 - CMSIS Pack Vendor :STMicroelectronics X-CUBE-NFC9 1.0.0
2026-01-22 16:11:51,774 DEBUG [LineInfo_to_exitCode.log_LineInfo] 2026-01-22 16:11:51,763 [INFO] ThirdParty:1030 - CMSIS Pack Vendor :STMicroelectronics X-CUBE-BLE1 7.1.0
2026-01-22 16:11:51,774 DEBUG [LineInfo_to_exitCode.log_LineInfo] 2026-01-22 16:11:51,763 [INFO] ThirdParty:1030 - CMSIS Pack Vendor :STMicroelectronics USB_DEVICE 3.0.0
2026-01-22 16:11:51,774 DEBUG [LineInfo_to_exitCode.log_LineInfo] 2026-01-22 16:11:51,763 [INFO] ThirdParty:1030 - CMSIS Pack Vendor :STMicroelectronics X-CUBE-TCPP 4.1.0
2026-01-22 16:11:51,774 DEBUG [LineInfo_to_exitCode.log_LineInfo] 2026-01-22 16:11:51,763 [INFO] ThirdParty:1030 - CMSIS Pack Vendor :STMicroelectronics X-CUBE-FREERTOS 1.4.0
2026-01-22 16:11:51,774 DEBUG [LineInfo_to_exitCode.log_LineInfo] 2026-01-22 16:11:51,763 [INFO] ThirdParty:1030 - CMSIS Pack Vendor :STMicroelectronics X-CUBE-EEPRMA1 5.2.0
2026-01-22 16:11:51,774 DEBUG [LineInfo_to_exitCode.log_LineInfo] 2026-01-22 16:11:51,763 [INFO] ThirdParty:1030 - CMSIS Pack Vendor :STMicroelectronics X-CUBE-BLEMGR 4.1.0
2026-01-22 16:11:51,774 DEBUG [LineInfo_to_exitCode.log_LineInfo] 2026-01-22 16:11:51,763 [INFO] ThirdParty:1030 - CMSIS Pack Vendor :STMicroelectronics X-CUBE-IPS 3.0.0
2026-01-22 16:11:51,775 DEBUG [LineInfo_to_exitCode.log_LineInfo] 2026-01-22 16:11:51,763 [INFO] ThirdParty:1030 - CMSIS Pack Vendor :STMicroelectronics X-CUBE-AZRTOS-WB 2.0.0
2026-01-22 16:11:51,775 DEBUG [LineInfo_to_exitCode.log_LineInfo] 2026-01-22 16:11:51,763 [INFO] ThirdParty:1030 - CMSIS Pack Vendor :STMicroelectronics X-CUBE-GNSS1 7.0.0
2026-01-22 16:11:51,775 DEBUG [LineInfo_to_exitCode.log_LineInfo] 2026-01-22 16:11:51,763 [INFO] ThirdParty:1030 - CMSIS Pack Vendor :STMicroelectronics X-CUBE-GNSS1 7.0.1
2026-01-22 16:11:51,776 DEBUG [LineInfo_to_exitCode.log_LineInfo] 2026-01-22 16:11:51,763 [INFO] ThirdParty:1030 - CMSIS Pack Vendor :STMicroelectronics X-CUBE-TOUCHGFX 4.25.0
2026-01-22 16:11:51,776 DEBUG [LineInfo_to_exitCode.log_LineInfo] 2026-01-22 16:11:51,763 [INFO] ThirdParty:1030 - CMSIS Pack Vendor :STMicroelectronics X-CUBE-ST67W61 1.1.0
2026-01-22 16:11:51,776 DEBUG [LineInfo_to_exitCode.log_LineInfo] 2026-01-22 16:11:51,763 [INFO] ThirdParty:1030 - CMSIS Pack Vendor :STMicroelectronics X-CUBE-AI 10.1.0
2026-01-22 16:11:51,776 DEBUG [LineInfo_to_exitCode.log_LineInfo] 2026-01-22 16:11:51,763 [INFO] ThirdParty:1030 - CMSIS Pack Vendor :STMicroelectronics FP-SNS-STBOX1 2.0.0
2026-01-22 16:11:51,777 DEBUG [LineInfo_to_exitCode.log_LineInfo] 2026-01-22 16:11:51,764 [INFO] ThirdParty:1030 - CMSIS Pack Vendor :STMicroelectronics X-CUBE-MEMS1 12.0.0
2026-01-22 16:11:51,777 DEBUG [LineInfo_to_exitCode.log_LineInfo] 2026-01-22 16:11:51,764 [INFO] ThirdParty:1030 - CMSIS Pack Vendor :STMicroelectronics X-CUBE-ALGOBUILD 1.3.0
2026-01-22 16:11:51,777 DEBUG [LineInfo_to_exitCode.log_LineInfo] 2026-01-22 16:11:51,764 [INFO] ThirdParty:1030 - CMSIS Pack Vendor :STMicroelectronics X-CUBE-MEMS1 11.2.0
2026-01-22 16:11:51,777 DEBUG [LineInfo_to_exitCode.log_LineInfo] 2026-01-22 16:11:51,764 [INFO] ThirdParty:1030 - CMSIS Pack Vendor :STMicroelectronics X-CUBE-AZRTOS-G0 1.1.0
2026-01-22 16:11:51,778 DEBUG [LineInfo_to_exitCode.log_LineInfo] 2026-01-22 16:11:51,764 [INFO] ThirdParty:1030 - CMSIS Pack Vendor :STMicroelectronics X-CUBE-SAFEA1 1.2.2
2026-01-22 16:11:51,778 DEBUG [LineInfo_to_exitCode.log_LineInfo] 2026-01-22 16:11:51,764 [INFO] ThirdParty:1030 - CMSIS Pack Vendor :STMicroelectronics X-CUBE-NFC4 3.0.0
2026-01-22 16:11:51,778 DEBUG [LineInfo_to_exitCode.log_LineInfo] 2026-01-22 16:11:51,767 [INFO] ThirdParty:1030 - CMSIS Pack Vendor :STMicroelectronics X-CUBE-SUBG2 5.0.0
2026-01-22 16:11:51,778 DEBUG [LineInfo_to_exitCode.log_LineInfo] 2026-01-22 16:11:51,768 [INFO] ThirdParty:1030 - CMSIS Pack Vendor :STMicroelectronics X-CUBE-AZRTOS-H7RS 1.1.0
2026-01-22 16:11:51,778 DEBUG [LineInfo_to_exitCode.log_LineInfo] 2026-01-22 16:11:51,768 [INFO] ThirdParty:1030 - CMSIS Pack Vendor :STMicroelectronics STM32_WPAN 1.0.0
2026-01-22 16:11:51,778 DEBUG [LineInfo_to_exitCode.log_LineInfo] 2026-01-22 16:11:51,768 [INFO] ThirdParty:1030 - CMSIS Pack Vendor :EmbeddedOffice I-CUBE-FS-RTOS 1.0.1
2026-01-22 16:11:51,779 DEBUG [LineInfo_to_exitCode.log_LineInfo] 2026-01-22 16:11:51,768 [INFO] ThirdParty:1030 - CMSIS Pack Vendor :STMicroelectronics lwIP 2.0.3
2026-01-22 16:11:51,779 DEBUG [LineInfo_to_exitCode.log_LineInfo] 2026-01-22 16:11:51,768 [INFO] ThirdParty:1030 - CMSIS Pack Vendor :Cesanta I-CUBE-Mongoose 7.13.0
2026-01-22 16:11:51,779 DEBUG [LineInfo_to_exitCode.log_LineInfo] 2026-01-22 16:11:51,768 [INFO] ThirdParty:1030 - CMSIS Pack Vendor :STMicroelectronics USB_HOST 1.0.0
2026-01-22 16:11:51,780 DEBUG [LineInfo_to_exitCode.log_LineInfo] 2026-01-22 16:11:51,768 [INFO] ThirdParty:1030 - CMSIS Pack Vendor :STMicroelectronics X-CUBE-AZRTOS-G4 2.0.0
2026-01-22 16:11:51,780 DEBUG [LineInfo_to_exitCode.log_LineInfo] 2026-01-22 16:11:51,768 [INFO] ThirdParty:1030 - CMSIS Pack Vendor :STMicroelectronics X-CUBE-WB05N 2.0.0
2026-01-22 16:11:51,780 DEBUG [LineInfo_to_exitCode.log_LineInfo] 2026-01-22 16:11:51,768 [INFO] ThirdParty:1030 - CMSIS Pack Vendor :STMicroelectronics PDM2PCM 3.1.0
2026-01-22 16:11:51,780 DEBUG [LineInfo_to_exitCode.log_LineInfo] 2026-01-22 16:11:51,768 [INFO] ThirdParty:1030 - CMSIS Pack Vendor :Infineon AIROC-Wi-Fi-Bluetooth-STM32 1.5.1
2026-01-22 16:11:51,780 DEBUG [LineInfo_to_exitCode.log_LineInfo] 2026-01-22 16:11:51,768 [INFO] ThirdParty:1030 - CMSIS Pack Vendor :STMicroelectronics X-CUBE-BLEMGR 3.0.0
2026-01-22 16:11:51,781 DEBUG [LineInfo_to_exitCode.log_LineInfo] 2026-01-22 16:11:51,768 [INFO] ThirdParty:1030 - CMSIS Pack Vendor :STMicroelectronics X-CUBE-NFC7 2.0.0
2026-01-22 16:11:51,781 DEBUG [LineInfo_to_exitCode.log_LineInfo] 2026-01-22 16:11:51,768 [INFO] ThirdParty:1030 - CMSIS Pack Vendor :STMicroelectronics X-CUBE-TCPP 4.2.0
2026-01-22 16:11:51,781 DEBUG [LineInfo_to_exitCode.log_LineInfo] 2026-01-22 16:11:51,768 [INFO] ThirdParty:1030 - CMSIS Pack Vendor :RealThread X-CUBE-RT-Thread_Nano 4.1.1
2026-01-22 16:11:51,781 DEBUG [LineInfo_to_exitCode.log_LineInfo] 2026-01-22 16:11:51,768 [INFO] ThirdParty:1030 - CMSIS Pack Vendor :STMicroelectronics FP-SNS-MOTENVWB1 1.3.1
2026-01-22 16:11:51,781 DEBUG [LineInfo_to_exitCode.log_LineInfo] 2026-01-22 16:11:51,768 [INFO] ThirdParty:1030 - CMSIS Pack Vendor :STMicroelectronics FP-ATR-SIGFOX1 3.2.0
2026-01-22 16:11:51,782 DEBUG [LineInfo_to_exitCode.log_LineInfo] 2026-01-22 16:11:51,768 [INFO] ThirdParty:1030 - CMSIS Pack Vendor :quantropi X-CUBE-qispace-sdk-base 1.9.3
2026-01-22 16:11:51,782 DEBUG [LineInfo_to_exitCode.log_LineInfo] 2026-01-22 16:11:51,768 [INFO] ThirdParty:1030 - CMSIS Pack Vendor :STMicroelectronics X-CUBE-ISPU 2.0.0
2026-01-22 16:11:51,782 DEBUG [LineInfo_to_exitCode.log_LineInfo] 2026-01-22 16:11:51,768 [INFO] ThirdParty:1030 - CMSIS Pack Vendor :STMicroelectronics X-CUBE-EEPRMA1 5.1.0
2026-01-22 16:11:51,782 DEBUG [LineInfo_to_exitCode.log_LineInfo] 2026-01-22 16:11:51,768 [INFO] ThirdParty:1030 - CMSIS Pack Vendor :STMicroelectronics MBEDTLS 2.16.2
2026-01-22 16:11:51,782 DEBUG [LineInfo_to_exitCode.log_LineInfo] 2026-01-22 16:11:51,768 [INFO] ThirdParty:1030 - CMSIS Pack Vendor :STMicroelectronics X-CUBE-IPS 3.1.0
2026-01-22 16:11:51,782 DEBUG [LineInfo_to_exitCode.log_LineInfo] 2026-01-22 16:11:51,768 [INFO] ThirdParty:1030 - CMSIS Pack Vendor :STMicroelectronics X-CUBE-ALS 1.0.2
2026-01-22 16:11:51,783 DEBUG [LineInfo_to_exitCode.log_LineInfo] 2026-01-22 16:11:51,768 [INFO] ThirdParty:1030 - CMSIS Pack Vendor :STMicroelectronics X-CUBE-MEMS1 10.0.0
2026-01-22 16:11:51,783 DEBUG [LineInfo_to_exitCode.log_LineInfo] 2026-01-22 16:11:51,769 [INFO] ThirdParty:1030 - CMSIS Pack Vendor :STMicroelectronics X-CUBE-FREERTOS 1.1.0
2026-01-22 16:11:51,783 DEBUG [LineInfo_to_exitCode.log_LineInfo] 2026-01-22 16:11:51,769 [INFO] ThirdParty:1030 - CMSIS Pack Vendor :STMicroelectronics X-CUBE-TOUCHGFX 4.24.0
2026-01-22 16:11:51,783 DEBUG [LineInfo_to_exitCode.log_LineInfo] 2026-01-22 16:11:51,769 [INFO] ThirdParty:1030 - CMSIS Pack Vendor :STMicroelectronics X-CUBE-TOUCHGFX 4.24.2
2026-01-22 16:11:51,783 DEBUG [LineInfo_to_exitCode.log_LineInfo] 2026-01-22 16:11:51,769 [INFO] ThirdParty:1030 - CMSIS Pack Vendor :STMicroelectronics X-CUBE-TOUCHGFX 4.24.1
2026-01-22 16:11:51,784 DEBUG [LineInfo_to_exitCode.log_LineInfo] 2026-01-22 16:11:51,769 [INFO] ThirdParty:1030 - CMSIS Pack Vendor :STMicroelectronics X-CUBE-STSE01 1.0.0
2026-01-22 16:11:51,784 DEBUG [LineInfo_to_exitCode.log_LineInfo] 2026-01-22 16:11:51,769 [INFO] ThirdParty:1030 - CMSIS Pack Vendor :portGmbH I-Cube-SoM-uGOAL 1.1.0
2026-01-22 16:11:51,784 DEBUG [LineInfo_to_exitCode.log_LineInfo] 2026-01-22 16:11:51,769 [INFO] ThirdParty:1030 - CMSIS Pack Vendor :STMicroelectronics X-CUBE-ALS 1.0.1
2026-01-22 16:11:51,784 DEBUG [LineInfo_to_exitCode.log_LineInfo] 2026-01-22 16:11:51,769 [INFO] ThirdParty:1030 - CMSIS Pack Vendor :STMicroelectronics X-CUBE-ST67W61 1.0.0
2026-01-22 16:11:51,784 DEBUG [LineInfo_to_exitCode.log_LineInfo] 2026-01-22 16:11:51,769 [INFO] ThirdParty:1030 - CMSIS Pack Vendor :STMicroelectronics X-CUBE-AI 10.2.0
2026-01-22 16:11:51,784 DEBUG [LineInfo_to_exitCode.log_LineInfo] 2026-01-22 16:11:51,769 [INFO] ThirdParty:1030 - CMSIS Pack Vendor :STMicroelectronics ThreadX 1.0.0
2026-01-22 16:11:51,785 DEBUG [LineInfo_to_exitCode.log_LineInfo] 2026-01-22 16:11:51,769 [INFO] ThirdParty:1030 - CMSIS Pack Vendor :SEGGER I-CUBE-embOS 1.3.1
2026-01-22 16:11:51,785 DEBUG [LineInfo_to_exitCode.log_LineInfo] 2026-01-22 16:11:51,769 [INFO] ThirdParty:1030 - CMSIS Pack Vendor :STMicroelectronics X-CUBE-ALGOBUILD 1.4.0
2026-01-22 16:11:51,785 DEBUG [LineInfo_to_exitCode.log_LineInfo] 2026-01-22 16:11:51,769 [INFO] ThirdParty:1030 - CMSIS Pack Vendor :STMicroelectronics X-CUBE-MEMS1 11.3.0
2026-01-22 16:11:51,785 DEBUG [LineInfo_to_exitCode.log_LineInfo] 2026-01-22 16:11:51,769 [INFO] ThirdParty:1030 - CMSIS Pack Vendor :STMicroelectronics X-CUBE-AZRTOS-H7RS 1.0.0
2026-01-22 16:11:51,785 DEBUG [LineInfo_to_exitCode.log_LineInfo] 2026-01-22 16:11:51,769 [INFO] ThirdParty:1030 - CMSIS Pack Vendor :STMicroelectronics FP-ATR-ASTRA1 2.0.0
2026-01-22 16:11:51,786 DEBUG [LineInfo_to_exitCode.log_LineInfo] 2026-01-22 16:11:51,778 [INFO] ThirdParty:1030 - CMSIS Pack Vendor :STMicroelectronics X-CUBE-TOF1 3.4.2
2026-01-22 16:11:51,786 DEBUG [LineInfo_to_exitCode.log_LineInfo] 2026-01-22 16:11:51,778 [INFO] ThirdParty:1030 - CMSIS Pack Vendor :STMicroelectronics X-CUBE-TOF1 3.4.3
2026-01-22 16:11:51,786 DEBUG [LineInfo_to_exitCode.log_LineInfo] 2026-01-22 16:11:51,778 [INFO] ThirdParty:1030 - CMSIS Pack Vendor :STMicroelectronics X-CUBE-AI 9.1.0
2026-01-22 16:11:51,786 DEBUG [LineInfo_to_exitCode.log_LineInfo] 2026-01-22 16:11:51,778 [INFO] ThirdParty:1030 - CMSIS Pack Vendor :STMicroelectronics X-CUBE-TOF1 3.4.0
2026-01-22 16:11:51,787 DEBUG [LineInfo_to_exitCode.log_LineInfo] 2026-01-22 16:11:51,778 [INFO] ThirdParty:1030 - CMSIS Pack Vendor :STMicroelectronics X-CUBE-TOF1 3.4.1
2026-01-22 16:11:51,787 DEBUG [LineInfo_to_exitCode.log_LineInfo] 2026-01-22 16:11:51,778 [INFO] ThirdParty:1030 - CMSIS Pack Vendor :STMicroelectronics X-CUBE-AZRTOS-H7 3.2.0
2026-01-22 16:11:51,787 DEBUG [LineInfo_to_exitCode.log_LineInfo] 2026-01-22 16:11:51,778 [INFO] ThirdParty:1030 - CMSIS Pack Vendor :wolfSSL I-CUBE-wolfSSH 1.4.17
2026-01-22 16:11:51,787 DEBUG [LineInfo_to_exitCode.log_LineInfo] 2026-01-22 16:11:51,779 [INFO] ThirdParty:841 - exiting critical section [change project]
2026-01-22 16:11:52,661 DEBUG [LineInfo_to_exitCode.log_LineInfo] 2026-01-22 16:11:52,661 [INFO] PinOutPanel:1590 - setPackage(No Configuration,No Configuration)
2026-01-22 16:11:52,663 DEBUG [LineInfo_to_exitCode.log_LineInfo] 2026-01-22 16:11:52,663 [INFO] PinOutPanel:1590 - setPackage(STM32G474RETx,LQFP64)
2026-01-22 16:11:53,308 DEBUG [LineInfo_to_exitCode.log_LineInfo] 2026-01-22 16:11:53,307 [INFO] UtilMem:75 - Before build in PCC Used Memory: 825396480 Bytes (1006632960)
2026-01-22 16:11:54,475 DEBUG [LineInfo_to_exitCode.log_LineInfo] 2026-01-22 16:11:54,473 [INFO] UtilMem:75 - After build in PCC Used Memory: 353224544 Bytes (1006632960)
2026-01-22 16:11:54,691 DEBUG [LineInfo_to_exitCode.log_LineInfo] 2026-01-22 16:11:54,690 [INFO] ApiDbMcu:532 - Load IP Config File for MotorControl
2026-01-22 16:11:54,740 DEBUG [LineInfo_to_exitCode.log_LineInfo] 2026-01-22 16:11:54,740 [INFO] IPUIPlugin:80 - create IPUIPlugin
2026-01-22 16:11:54,740 DEBUG [LineInfo_to_exitCode.log_LineInfo] 2026-01-22 16:11:54,740 [INFO] IPUIPlugin:80 - create IPUIPlugin
2026-01-22 16:11:54,741 DEBUG [LineInfo_to_exitCode.log_LineInfo] 2026-01-22 16:11:54,740 [INFO] IPUIPlugin:80 - create IPUIPlugin
2026-01-22 16:11:54,741 DEBUG [LineInfo_to_exitCode.log_LineInfo] 2026-01-22 16:11:54,740 [INFO] IPUIPlugin:80 - create IPUIPlugin
2026-01-22 16:11:54,741 DEBUG [LineInfo_to_exitCode.log_LineInfo] 2026-01-22 16:11:54,740 [INFO] IPUIPlugin:80 - create IPUIPlugin
2026-01-22 16:11:54,742 DEBUG [LineInfo_to_exitCode.log_LineInfo] 2026-01-22 16:11:54,740 [INFO] IPUIPlugin:80 - create IPUIPlugin
2026-01-22 16:11:54,742 DEBUG [LineInfo_to_exitCode.log_LineInfo] 2026-01-22 16:11:54,740 [INFO] IPUIPlugin:80 - create IPUIPlugin
2026-01-22 16:11:54,742 DEBUG [LineInfo_to_exitCode.log_LineInfo] 2026-01-22 16:11:54,740 [INFO] IPUIPlugin:80 - create IPUIPlugin
2026-01-22 16:11:54,742 DEBUG [LineInfo_to_exitCode.log_LineInfo] 2026-01-22 16:11:54,740 [INFO] IPUIPlugin:80 - create IPUIPlugin
2026-01-22 16:11:54,743 DEBUG [LineInfo_to_exitCode.log_LineInfo] 2026-01-22 16:11:54,740 [INFO] IPUIPlugin:80 - create IPUIPlugin
2026-01-22 16:11:54,743 DEBUG [LineInfo_to_exitCode.log_LineInfo] 2026-01-22 16:11:54,741 [INFO] IPUIPlugin:80 - create IPUIPlugin
2026-01-22 16:11:54,743 DEBUG [LineInfo_to_exitCode.log_LineInfo] 2026-01-22 16:11:54,741 [INFO] IPUIPlugin:80 - create IPUIPlugin
2026-01-22 16:11:54,744 DEBUG [LineInfo_to_exitCode.log_LineInfo] 2026-01-22 16:11:54,741 [INFO] IPUIPlugin:80 - create IPUIPlugin
2026-01-22 16:11:54,744 DEBUG [LineInfo_to_exitCode.log_LineInfo] 2026-01-22 16:11:54,743 [INFO] IPUIPlugin:80 - create IPUIPlugin
2026-01-22 16:11:54,745 DEBUG [LineInfo_to_exitCode.log_LineInfo] 2026-01-22 16:11:54,743 [INFO] IPUIPlugin:80 - create IPUIPlugin
2026-01-22 16:11:54,745 DEBUG [LineInfo_to_exitCode.log_LineInfo] 2026-01-22 16:11:54,745 [INFO] IPUIPlugin:80 - create IPUIPlugin
2026-01-22 16:11:54,746 DEBUG [LineInfo_to_exitCode.log_LineInfo] 2026-01-22 16:11:54,746 [INFO] IPUIPlugin:80 - create IPUIPlugin
2026-01-22 16:11:54,746 DEBUG [LineInfo_to_exitCode.log_LineInfo] 2026-01-22 16:11:54,746 [INFO] IPUIPlugin:80 - create IPUIPlugin
2026-01-22 16:11:54,747 DEBUG [LineInfo_to_exitCode.log_LineInfo] 2026-01-22 16:11:54,746 [INFO] IPUIPlugin:80 - create IPUIPlugin
2026-01-22 16:11:54,747 DEBUG [LineInfo_to_exitCode.log_LineInfo] 2026-01-22 16:11:54,746 [INFO] IPUIPlugin:80 - create IPUIPlugin
2026-01-22 16:11:54,747 DEBUG [LineInfo_to_exitCode.log_LineInfo] 2026-01-22 16:11:54,747 [INFO] IPUIPlugin:80 - create IPUIPlugin
2026-01-22 16:11:54,747 DEBUG [LineInfo_to_exitCode.log_LineInfo] 2026-01-22 16:11:54,747 [INFO] IPUIPlugin:80 - create IPUIPlugin
2026-01-22 16:11:54,747 DEBUG [LineInfo_to_exitCode.log_LineInfo] 2026-01-22 16:11:54,747 [INFO] IPUIPlugin:80 - create IPUIPlugin
2026-01-22 16:11:54,748 DEBUG [LineInfo_to_exitCode.log_LineInfo] 2026-01-22 16:11:54,747 [INFO] IPUIPlugin:80 - create IPUIPlugin
2026-01-22 16:11:54,748 DEBUG [LineInfo_to_exitCode.log_LineInfo] 2026-01-22 16:11:54,747 [INFO] IPUIPlugin:80 - create IPUIPlugin
2026-01-22 16:11:54,748 DEBUG [LineInfo_to_exitCode.log_LineInfo] 2026-01-22 16:11:54,747 [INFO] IPUIPlugin:80 - create IPUIPlugin
2026-01-22 16:11:54,748 DEBUG [LineInfo_to_exitCode.log_LineInfo] 2026-01-22 16:11:54,748 [INFO] IPUIPlugin:80 - create IPUIPlugin
2026-01-22 16:11:54,749 DEBUG [LineInfo_to_exitCode.log_LineInfo] 2026-01-22 16:11:54,748 [INFO] IPUIPlugin:80 - create IPUIPlugin
2026-01-22 16:11:54,749 DEBUG [LineInfo_to_exitCode.log_LineInfo] 2026-01-22 16:11:54,749 [INFO] IPUIPlugin:80 - create IPUIPlugin
2026-01-22 16:11:54,749 DEBUG [LineInfo_to_exitCode.log_LineInfo] 2026-01-22 16:11:54,749 [INFO] IPUIPlugin:80 - create IPUIPlugin
2026-01-22 16:11:54,749 DEBUG [LineInfo_to_exitCode.log_LineInfo] 2026-01-22 16:11:54,749 [INFO] IPUIPlugin:80 - create IPUIPlugin
2026-01-22 16:11:54,750 DEBUG [LineInfo_to_exitCode.log_LineInfo] 2026-01-22 16:11:54,750 [INFO] IPUIPlugin:80 - create IPUIPlugin
2026-01-22 16:11:54,750 DEBUG [LineInfo_to_exitCode.log_LineInfo] 2026-01-22 16:11:54,750 [INFO] IPUIPlugin:80 - create IPUIPlugin
2026-01-22 16:11:54,750 DEBUG [LineInfo_to_exitCode.log_LineInfo] 2026-01-22 16:11:54,750 [INFO] IPUIPlugin:80 - create IPUIPlugin
2026-01-22 16:11:54,750 DEBUG [LineInfo_to_exitCode.log_LineInfo] 2026-01-22 16:11:54,750 [INFO] IPUIPlugin:80 - create IPUIPlugin
2026-01-22 16:11:54,751 DEBUG [LineInfo_to_exitCode.log_LineInfo] 2026-01-22 16:11:54,751 [INFO] IPUIPlugin:80 - create IPUIPlugin
2026-01-22 16:11:54,751 DEBUG [LineInfo_to_exitCode.log_LineInfo] 2026-01-22 16:11:54,751 [INFO] IPUIPlugin:80 - create IPUIPlugin
2026-01-22 16:11:54,751 DEBUG [LineInfo_to_exitCode.log_LineInfo] 2026-01-22 16:11:54,751 [INFO] IPUIPlugin:80 - create IPUIPlugin
2026-01-22 16:11:54,752 DEBUG [LineInfo_to_exitCode.log_LineInfo] 2026-01-22 16:11:54,752 [INFO] IPUIPlugin:80 - create IPUIPlugin
2026-01-22 16:11:54,752 DEBUG [LineInfo_to_exitCode.log_LineInfo] 2026-01-22 16:11:54,752 [INFO] IPUIPlugin:80 - create IPUIPlugin
2026-01-22 16:11:54,752 DEBUG [LineInfo_to_exitCode.log_LineInfo] 2026-01-22 16:11:54,752 [INFO] IPUIPlugin:80 - create IPUIPlugin
2026-01-22 16:11:54,752 DEBUG [LineInfo_to_exitCode.log_LineInfo] 2026-01-22 16:11:54,752 [INFO] IPUIPlugin:80 - create IPUIPlugin
2026-01-22 16:11:54,753 DEBUG [LineInfo_to_exitCode.log_LineInfo] 2026-01-22 16:11:54,753 [INFO] IPUIPlugin:80 - create IPUIPlugin
2026-01-22 16:11:54,753 DEBUG [LineInfo_to_exitCode.log_LineInfo] 2026-01-22 16:11:54,753 [INFO] IPUIPlugin:80 - create IPUIPlugin
2026-01-22 16:11:54,754 DEBUG [LineInfo_to_exitCode.log_LineInfo] 2026-01-22 16:11:54,753 [INFO] IPUIPlugin:80 - create IPUIPlugin
2026-01-22 16:11:54,754 DEBUG [LineInfo_to_exitCode.log_LineInfo] 2026-01-22 16:11:54,754 [INFO] IPUIPlugin:80 - create IPUIPlugin
2026-01-22 16:11:54,755 DEBUG [LineInfo_to_exitCode.log_LineInfo] 2026-01-22 16:11:54,754 [INFO] IPUIPlugin:80 - create IPUIPlugin
2026-01-22 16:11:54,757 DEBUG [LineInfo_to_exitCode.log_LineInfo] 2026-01-22 16:11:54,755 [INFO] IPUIPlugin:80 - create IPUIPlugin
2026-01-22 16:11:54,758 DEBUG [LineInfo_to_exitCode.log_LineInfo] 2026-01-22 16:11:54,757 [INFO] IPUIPlugin:80 - create IPUIPlugin
2026-01-22 16:11:54,758 DEBUG [LineInfo_to_exitCode.log_LineInfo] 2026-01-22 16:11:54,758 [INFO] IPUIPlugin:80 - create IPUIPlugin
2026-01-22 16:11:54,760 DEBUG [LineInfo_to_exitCode.log_LineInfo] 2026-01-22 16:11:54,758 [INFO] IPUIPlugin:80 - create IPUIPlugin
2026-01-22 16:11:54,760 DEBUG [LineInfo_to_exitCode.log_LineInfo] 2026-01-22 16:11:54,759 [INFO] IPUIPlugin:80 - create IPUIPlugin
2026-01-22 16:11:54,761 DEBUG [LineInfo_to_exitCode.log_LineInfo] 2026-01-22 16:11:54,760 [INFO] IPUIPlugin:80 - create IPUIPlugin
2026-01-22 16:11:54,762 DEBUG [LineInfo_to_exitCode.log_LineInfo] 2026-01-22 16:11:54,761 [INFO] IPUIPlugin:80 - create IPUIPlugin
2026-01-22 16:11:54,763 DEBUG [LineInfo_to_exitCode.log_LineInfo] 2026-01-22 16:11:54,762 [INFO] IPUIPlugin:80 - create IPUIPlugin
2026-01-22 16:11:54,764 DEBUG [LineInfo_to_exitCode.log_LineInfo] 2026-01-22 16:11:54,763 [INFO] IPUIPlugin:80 - create IPUIPlugin
2026-01-22 16:11:54,765 DEBUG [LineInfo_to_exitCode.log_LineInfo] 2026-01-22 16:11:54,764 [INFO] IPUIPlugin:80 - create IPUIPlugin
2026-01-22 16:11:54,766 DEBUG [LineInfo_to_exitCode.log_LineInfo] 2026-01-22 16:11:54,765 [INFO] IPUIPlugin:80 - create IPUIPlugin
2026-01-22 16:11:54,766 DEBUG [LineInfo_to_exitCode.log_LineInfo] 2026-01-22 16:11:54,766 [INFO] IPUIPlugin:80 - create IPUIPlugin
2026-01-22 16:11:54,767 DEBUG [LineInfo_to_exitCode.log_LineInfo] 2026-01-22 16:11:54,767 [INFO] IPUIPlugin:80 - create IPUIPlugin
2026-01-22 16:11:54,767 DEBUG [LineInfo_to_exitCode.log_LineInfo] 2026-01-22 16:11:54,767 [INFO] IPUIPlugin:80 - create IPUIPlugin
2026-01-22 16:11:54,768 DEBUG [LineInfo_to_exitCode.log_LineInfo] 2026-01-22 16:11:54,768 [INFO] IPUIPlugin:80 - create IPUIPlugin
2026-01-22 16:11:54,768 DEBUG [LineInfo_to_exitCode.log_LineInfo] 2026-01-22 16:11:54,768 [INFO] IPUIPlugin:80 - create IPUIPlugin
2026-01-22 16:11:54,768 DEBUG [LineInfo_to_exitCode.log_LineInfo] 2026-01-22 16:11:54,768 [INFO] IPUIPlugin:80 - create IPUIPlugin
2026-01-22 16:11:54,769 DEBUG [LineInfo_to_exitCode.log_LineInfo] 2026-01-22 16:11:54,769 [INFO] IPUIPlugin:80 - create IPUIPlugin
2026-01-22 16:11:54,769 DEBUG [LineInfo_to_exitCode.log_LineInfo] 2026-01-22 16:11:54,769 [INFO] IPUIPlugin:80 - create IPUIPlugin
2026-01-22 16:11:54,769 DEBUG [LineInfo_to_exitCode.log_LineInfo] 2026-01-22 16:11:54,769 [INFO] IPUIPlugin:80 - create IPUIPlugin
2026-01-22 16:11:54,770 DEBUG [LineInfo_to_exitCode.log_LineInfo] 2026-01-22 16:11:54,770 [INFO] IPUIPlugin:80 - create IPUIPlugin
2026-01-22 16:11:54,770 DEBUG [LineInfo_to_exitCode.log_LineInfo] 2026-01-22 16:11:54,770 [INFO] IPUIPlugin:80 - create IPUIPlugin
2026-01-22 16:11:54,770 DEBUG [LineInfo_to_exitCode.log_LineInfo] 2026-01-22 16:11:54,770 [INFO] IPUIPlugin:80 - create IPUIPlugin
2026-01-22 16:11:54,771 DEBUG [LineInfo_to_exitCode.log_LineInfo] 2026-01-22 16:11:54,770 [INFO] IPUIPlugin:80 - create IPUIPlugin
2026-01-22 16:11:54,771 DEBUG [LineInfo_to_exitCode.log_LineInfo] 2026-01-22 16:11:54,771 [INFO] IPUIPlugin:80 - create IPUIPlugin
2026-01-22 16:11:54,772 DEBUG [LineInfo_to_exitCode.log_LineInfo] 2026-01-22 16:11:54,772 [INFO] IPUIPlugin:80 - create IPUIPlugin
2026-01-22 16:11:54,773 DEBUG [LineInfo_to_exitCode.log_LineInfo] 2026-01-22 16:11:54,772 [INFO] IPUIPlugin:80 - create IPUIPlugin
2026-01-22 16:11:54,773 DEBUG [LineInfo_to_exitCode.log_LineInfo] 2026-01-22 16:11:54,773 [INFO] IPUIPlugin:80 - create IPUIPlugin
2026-01-22 16:11:54,774 DEBUG [LineInfo_to_exitCode.log_LineInfo] 2026-01-22 16:11:54,774 [INFO] IPUIPlugin:80 - create IPUIPlugin
2026-01-22 16:11:54,776 DEBUG [LineInfo_to_exitCode.log_LineInfo] 2026-01-22 16:11:54,775 [INFO] IPUIPlugin:80 - create IPUIPlugin
2026-01-22 16:11:54,777 DEBUG [LineInfo_to_exitCode.log_LineInfo] 2026-01-22 16:11:54,776 [INFO] IPUIPlugin:80 - create IPUIPlugin
2026-01-22 16:11:55,145 DEBUG [LineInfo_to_exitCode.log_LineInfo] 2026-01-22 16:11:55,145 [INFO] ProjectChoiceTab:3899 - New firmware version: STM32Cube FW_G4 V1.6.1 Old firmware version: null
2026-01-22 16:11:55,146 DEBUG [LineInfo_to_exitCode.log_LineInfo] 2026-01-22 16:11:55,145 [INFO] ProjectChoiceTab:3909 - H7FWmigrated= false
2026-01-22 16:11:55,204 DEBUG [LineInfo_to_exitCode.log_LineInfo] 2026-01-22 16:11:55,204 [INFO] CADModel:165 - CPN selected for project levelSTM32G474RET3
2026-01-22 16:11:55,205 DEBUG [LineInfo_to_exitCode.log_LineInfo] 2026-01-22 16:11:55,204 [INFO] CADModel:114 - Register for checkConnection events
2026-01-22 16:11:55,659 DEBUG [LineInfo_to_exitCode.log_LineInfo] 2026-01-22 16:11:55,659 [INFO] OpenFileManager:386 - Restore cursor
2026-01-22 16:11:55,862 DEBUG [LineInfo_to_exitCode.log_LineInfo] 2026-01-22 16:11:55,862 [INFO] ProjectChoiceTab:3899 - New firmware version: STM32Cube FW_G4 V1.6.1 Old firmware version: STM32Cube FW_G4 V1.6.1
2026-01-22 16:11:56,472 DEBUG [LineInfo_to_exitCode.log_LineInfo] 2026-01-22 16:11:56,472 [INFO] UtilMem:75 - End SaveConfig() Used Memory: 826132320 Bytes (1006632960)
2026-01-22 16:11:56,493 DEBUG [LineInfo_to_exitCode.log_LineInfo] 2026-01-22 16:11:56,492 [INFO] ProjectChoiceTab:3899 - New firmware version: STM32Cube FW_G4 V1.6.1 Old firmware version: STM32Cube FW_G4 V1.6.1
2026-01-22 16:11:57,233 DEBUG [LineInfo_to_exitCode.log_LineInfo] 2026-01-22 16:11:57,233 [INFO] IPsOverviews:2785 - set Specific Code input for plugin: MotorControl
2026-01-22 16:11:57,233 DEBUG [LineInfo_to_exitCode.log_LineInfo] 2026-01-22 16:11:57,233 [INFO] IPsOverviews:2785 - set Specific Code input for plugin: TIM1_8G4
2026-01-22 16:11:57,233 DEBUG [LineInfo_to_exitCode.log_LineInfo] 2026-01-22 16:11:57,233 [INFO] IPsOverviews:2785 - set Specific Code input for plugin: TIM1_8G4
2026-01-22 16:11:57,233 DEBUG [LineInfo_to_exitCode.log_LineInfo] 2026-01-22 16:11:57,233 [INFO] IPsOverviews:2785 - set Specific Code input for plugin: ADC
2026-01-22 16:11:57,233 DEBUG [LineInfo_to_exitCode.log_LineInfo] 2026-01-22 16:11:57,233 [INFO] IPsOverviews:2785 - set Specific Code input for plugin: SYS
2026-01-22 16:11:57,234 DEBUG [LineInfo_to_exitCode.log_LineInfo] 2026-01-22 16:11:57,233 [INFO] IPsOverviews:2785 - set Specific Code input for plugin: ADC
2026-01-22 16:11:57,234 DEBUG [LineInfo_to_exitCode.log_LineInfo] 2026-01-22 16:11:57,233 [INFO] IPsOverviews:2785 - set Specific Code input for plugin: RCC
2026-01-22 16:11:57,234 DEBUG [LineInfo_to_exitCode.log_LineInfo] 2026-01-22 16:11:57,233 [INFO] IPsOverviews:2785 - set Specific Code input for plugin: NVIC
2026-01-22 16:11:57,234 DEBUG [LineInfo_to_exitCode.log_LineInfo] 2026-01-22 16:11:57,233 [INFO] IPsOverviews:2785 - set Specific Code input for plugin: USART
2026-01-22 16:11:57,234 DEBUG [LineInfo_to_exitCode.log_LineInfo] 2026-01-22 16:11:57,233 [INFO] IPsOverviews:2785 - set Specific Code input for plugin: DMA
2026-01-22 16:11:57,234 DEBUG [LineInfo_to_exitCode.log_LineInfo] 2026-01-22 16:11:57,233 [INFO] IPsOverviews:2785 - set Specific Code input for plugin: CORDIC
2026-01-22 16:11:57,234 DEBUG [LineInfo_to_exitCode.log_LineInfo] 2026-01-22 16:11:57,234 [INFO] IPsOverviews:2785 - set Specific Code input for plugin: GPIO
2026-01-22 16:11:57,246 DEBUG [LineInfo_to_exitCode.log_LineInfo] 2026-01-22 16:11:57,246 [INFO] CodeGenerator:896 - code generatio: config db path: C:\Users\cc_fang\AppData\Local\Programs\STM32CubeMX\\db\
2026-01-22 16:11:57,584 DEBUG [LineInfo_to_exitCode.log_LineInfo] 2026-01-22 16:11:57,583 [INFO] CodeEngine:267 - oldGeneratedFile, D:\01d_MCU_G474\ST_TuckRunv6.4_2PWM\EIC_TuckRun_Hall_v6_4\MXTmpFiles\license.tmp_save
2026-01-22 16:11:57,980 DEBUG [LineInfo_to_exitCode.log_LineInfo] 2026-01-22 16:11:57,979 [INFO] CodeEngine:291 - Generated code: D:\01d_MCU_G474\ST_TuckRunv6.4_2PWM\EIC_TuckRun_Hall_v6_4\MXTmpFiles\license.tmp
2026-01-22 16:11:58,270 DEBUG [LineInfo_to_exitCode.log_LineInfo] 2026-01-22 16:11:58,270 [INFO] CodeEngine:267 - oldGeneratedFile, D:\01d_MCU_G474\ST_TuckRunv6.4_2PWM\EIC_TuckRun_Hall_v6_4\MXTmpFiles\gpio.tmp_save
2026-01-22 16:11:58,493 DEBUG [LineInfo_to_exitCode.log_LineInfo] 2026-01-22 16:11:58,493 [INFO] CodeEngine:291 - Generated code: D:\01d_MCU_G474\ST_TuckRunv6.4_2PWM\EIC_TuckRun_Hall_v6_4\MXTmpFiles\gpio.tmp
2026-01-22 16:12:00,157 DEBUG [LineInfo_to_exitCode.log_LineInfo] 2026-01-22 16:12:00,157 [INFO] Middleware:1452 - No code input for Bsp Dependency
2026-01-22 16:12:00,347 DEBUG [LineInfo_to_exitCode.log_LineInfo] 2026-01-22 16:12:00,347 [INFO] CodeEngine:267 - oldGeneratedFile, D:\01d_MCU_G474\ST_TuckRunv6.4_2PWM\EIC_TuckRun_Hall_v6_4\MXTmpFiles\dma.tmp_save
2026-01-22 16:12:00,497 DEBUG [LineInfo_to_exitCode.log_LineInfo] 2026-01-22 16:12:00,496 [INFO] CodeEngine:291 - Generated code: D:\01d_MCU_G474\ST_TuckRunv6.4_2PWM\EIC_TuckRun_Hall_v6_4\MXTmpFiles\dma.tmp
2026-01-22 16:12:00,527 DEBUG [LineInfo_to_exitCode.log_LineInfo] 2026-01-22 16:12:00,526 [INFO] CodeEngine:267 - oldGeneratedFile, D:\01d_MCU_G474\ST_TuckRunv6.4_2PWM\EIC_TuckRun_Hall_v6_4\MXTmpFiles\dma_GV.tmp_save
2026-01-22 16:12:00,635 DEBUG [LineInfo_to_exitCode.log_LineInfo] 2026-01-22 16:12:00,635 [INFO] CodeEngine:291 - Generated code: D:\01d_MCU_G474\ST_TuckRunv6.4_2PWM\EIC_TuckRun_Hall_v6_4\MXTmpFiles\dma_GV.tmp
2026-01-22 16:12:00,944 DEBUG [LineInfo_to_exitCode.log_LineInfo] 2026-01-22 16:12:00,943 [INFO] Middleware:1452 - No code input for Bsp Dependency
2026-01-22 16:12:01,046 DEBUG [LineInfo_to_exitCode.log_LineInfo] 2026-01-22 16:12:01,046 [INFO] CodeEngine:267 - oldGeneratedFile, D:\01d_MCU_G474\ST_TuckRunv6.4_2PWM\EIC_TuckRun_Hall_v6_4\Src\motorcontrol.c_save
2026-01-22 16:12:01,196 INFO  [LineInfo_to_exitCode.log_LineInfo] Generated code: D:\01d_MCU_G474\ST_TuckRunv6.4_2PWM\EIC_TuckRun_Hall_v6_4\Src\motorcontrol.c
2026-01-22 16:12:01,241 DEBUG [LineInfo_to_exitCode.log_LineInfo] 2026-01-22 16:12:01,241 [INFO] CodeEngine:267 - oldGeneratedFile, D:\01d_MCU_G474\ST_TuckRunv6.4_2PWM\EIC_TuckRun_Hall_v6_4\Inc\motorcontrol.h_save
2026-01-22 16:12:01,372 INFO  [LineInfo_to_exitCode.log_LineInfo] Generated code: D:\01d_MCU_G474\ST_TuckRunv6.4_2PWM\EIC_TuckRun_Hall_v6_4\Inc\motorcontrol.h
2026-01-22 16:12:01,425 DEBUG [LineInfo_to_exitCode.log_LineInfo] 2026-01-22 16:12:01,424 [INFO] CodeEngine:267 - oldGeneratedFile, D:\01d_MCU_G474\ST_TuckRunv6.4_2PWM\EIC_TuckRun_Hall_v6_4\Inc\drive_parameters.h_save
2026-01-22 16:12:01,660 INFO  [LineInfo_to_exitCode.log_LineInfo] Generated code: D:\01d_MCU_G474\ST_TuckRunv6.4_2PWM\EIC_TuckRun_Hall_v6_4\Inc\drive_parameters.h
2026-01-22 16:12:01,730 DEBUG [LineInfo_to_exitCode.log_LineInfo] 2026-01-22 16:12:01,730 [INFO] CodeEngine:267 - oldGeneratedFile, D:\01d_MCU_G474\ST_TuckRunv6.4_2PWM\EIC_TuckRun_Hall_v6_4\Inc\mc_type.h_save
2026-01-22 16:12:01,890 INFO  [LineInfo_to_exitCode.log_LineInfo] Generated code: D:\01d_MCU_G474\ST_TuckRunv6.4_2PWM\EIC_TuckRun_Hall_v6_4\Inc\mc_type.h
2026-01-22 16:12:01,940 DEBUG [LineInfo_to_exitCode.log_LineInfo] 2026-01-22 16:12:01,939 [INFO] CodeEngine:267 - oldGeneratedFile, D:\01d_MCU_G474\ST_TuckRunv6.4_2PWM\EIC_TuckRun_Hall_v6_4\Src\speed_torq_ctrl.c_save
2026-01-22 16:12:02,108 INFO  [LineInfo_to_exitCode.log_LineInfo] Generated code: D:\01d_MCU_G474\ST_TuckRunv6.4_2PWM\EIC_TuckRun_Hall_v6_4\Src\speed_torq_ctrl.c
2026-01-22 16:12:02,160 DEBUG [LineInfo_to_exitCode.log_LineInfo] 2026-01-22 16:12:02,160 [INFO] CodeEngine:267 - oldGeneratedFile, D:\01d_MCU_G474\ST_TuckRunv6.4_2PWM\EIC_TuckRun_Hall_v6_4\Inc\speed_torq_ctrl.h_save
2026-01-22 16:12:02,307 INFO  [LineInfo_to_exitCode.log_LineInfo] Generated code: D:\01d_MCU_G474\ST_TuckRunv6.4_2PWM\EIC_TuckRun_Hall_v6_4\Inc\speed_torq_ctrl.h
2026-01-22 16:12:02,352 DEBUG [LineInfo_to_exitCode.log_LineInfo] 2026-01-22 16:12:02,351 [INFO] CodeEngine:267 - oldGeneratedFile, D:\01d_MCU_G474\ST_TuckRunv6.4_2PWM\EIC_TuckRun_Hall_v6_4\Inc\mc_tasks.h_save
2026-01-22 16:12:02,498 INFO  [LineInfo_to_exitCode.log_LineInfo] Generated code: D:\01d_MCU_G474\ST_TuckRunv6.4_2PWM\EIC_TuckRun_Hall_v6_4\Inc\mc_tasks.h
2026-01-22 16:12:02,549 DEBUG [LineInfo_to_exitCode.log_LineInfo] 2026-01-22 16:12:02,549 [INFO] CodeEngine:267 - oldGeneratedFile, D:\01d_MCU_G474\ST_TuckRunv6.4_2PWM\EIC_TuckRun_Hall_v6_4\Src\pwm_common.c_save
2026-01-22 16:12:02,708 INFO  [LineInfo_to_exitCode.log_LineInfo] Generated code: D:\01d_MCU_G474\ST_TuckRunv6.4_2PWM\EIC_TuckRun_Hall_v6_4\Src\pwm_common.c
2026-01-22 16:12:02,752 DEBUG [LineInfo_to_exitCode.log_LineInfo] 2026-01-22 16:12:02,752 [INFO] CodeEngine:267 - oldGeneratedFile, D:\01d_MCU_G474\ST_TuckRunv6.4_2PWM\EIC_TuckRun_Hall_v6_4\Inc\pwm_common.h_save
2026-01-22 16:12:02,906 INFO  [LineInfo_to_exitCode.log_LineInfo] Generated code: D:\01d_MCU_G474\ST_TuckRunv6.4_2PWM\EIC_TuckRun_Hall_v6_4\Inc\pwm_common.h
2026-01-22 16:12:02,962 DEBUG [LineInfo_to_exitCode.log_LineInfo] 2026-01-22 16:12:02,961 [INFO] CodeEngine:267 - oldGeneratedFile, D:\01d_MCU_G474\ST_TuckRunv6.4_2PWM\EIC_TuckRun_Hall_v6_4\Src\mc_api.c_save
2026-01-22 16:12:03,146 INFO  [LineInfo_to_exitCode.log_LineInfo] Generated code: D:\01d_MCU_G474\ST_TuckRunv6.4_2PWM\EIC_TuckRun_Hall_v6_4\Src\mc_api.c
2026-01-22 16:12:03,193 DEBUG [LineInfo_to_exitCode.log_LineInfo] 2026-01-22 16:12:03,192 [INFO] CodeEngine:267 - oldGeneratedFile, D:\01d_MCU_G474\ST_TuckRunv6.4_2PWM\EIC_TuckRun_Hall_v6_4\Inc\mc_api.h_save
2026-01-22 16:12:03,342 INFO  [LineInfo_to_exitCode.log_LineInfo] Generated code: D:\01d_MCU_G474\ST_TuckRunv6.4_2PWM\EIC_TuckRun_Hall_v6_4\Inc\mc_api.h
2026-01-22 16:12:03,393 DEBUG [LineInfo_to_exitCode.log_LineInfo] 2026-01-22 16:12:03,393 [INFO] CodeEngine:267 - oldGeneratedFile, D:\01d_MCU_G474\ST_TuckRunv6.4_2PWM\EIC_TuckRun_Hall_v6_4\Src\mc_config.c_save
2026-01-22 16:12:03,578 INFO  [LineInfo_to_exitCode.log_LineInfo] Generated code: D:\01d_MCU_G474\ST_TuckRunv6.4_2PWM\EIC_TuckRun_Hall_v6_4\Src\mc_config.c
2026-01-22 16:12:03,628 DEBUG [LineInfo_to_exitCode.log_LineInfo] 2026-01-22 16:12:03,628 [INFO] CodeEngine:267 - oldGeneratedFile, D:\01d_MCU_G474\ST_TuckRunv6.4_2PWM\EIC_TuckRun_Hall_v6_4\Src\mc_config_common.c_save
2026-01-22 16:12:03,792 INFO  [LineInfo_to_exitCode.log_LineInfo] Generated code: D:\01d_MCU_G474\ST_TuckRunv6.4_2PWM\EIC_TuckRun_Hall_v6_4\Src\mc_config_common.c
2026-01-22 16:12:03,846 DEBUG [LineInfo_to_exitCode.log_LineInfo] 2026-01-22 16:12:03,846 [INFO] CodeEngine:267 - oldGeneratedFile, D:\01d_MCU_G474\ST_TuckRunv6.4_2PWM\EIC_TuckRun_Hall_v6_4\Inc\mc_config.h_save
2026-01-22 16:12:03,995 INFO  [LineInfo_to_exitCode.log_LineInfo] Generated code: D:\01d_MCU_G474\ST_TuckRunv6.4_2PWM\EIC_TuckRun_Hall_v6_4\Inc\mc_config.h
2026-01-22 16:12:04,050 DEBUG [LineInfo_to_exitCode.log_LineInfo] 2026-01-22 16:12:04,050 [INFO] CodeEngine:267 - oldGeneratedFile, D:\01d_MCU_G474\ST_TuckRunv6.4_2PWM\EIC_TuckRun_Hall_v6_4\Inc\mc_config_common.h_save
2026-01-22 16:12:04,183 INFO  [LineInfo_to_exitCode.log_LineInfo] Generated code: D:\01d_MCU_G474\ST_TuckRunv6.4_2PWM\EIC_TuckRun_Hall_v6_4\Inc\mc_config_common.h
2026-01-22 16:12:04,231 DEBUG [LineInfo_to_exitCode.log_LineInfo] 2026-01-22 16:12:04,231 [INFO] CodeEngine:267 - oldGeneratedFile, D:\01d_MCU_G474\ST_TuckRunv6.4_2PWM\EIC_TuckRun_Hall_v6_4\Inc\mcp_config.h_save
2026-01-22 16:12:04,358 INFO  [LineInfo_to_exitCode.log_LineInfo] Generated code: D:\01d_MCU_G474\ST_TuckRunv6.4_2PWM\EIC_TuckRun_Hall_v6_4\Inc\mcp_config.h
2026-01-22 16:12:04,408 DEBUG [LineInfo_to_exitCode.log_LineInfo] 2026-01-22 16:12:04,408 [INFO] CodeEngine:267 - oldGeneratedFile, D:\01d_MCU_G474\ST_TuckRunv6.4_2PWM\EIC_TuckRun_Hall_v6_4\Src\mcp_config.c_save
2026-01-22 16:12:04,538 INFO  [LineInfo_to_exitCode.log_LineInfo] Generated code: D:\01d_MCU_G474\ST_TuckRunv6.4_2PWM\EIC_TuckRun_Hall_v6_4\Src\mcp_config.c
2026-01-22 16:12:04,589 DEBUG [LineInfo_to_exitCode.log_LineInfo] 2026-01-22 16:12:04,588 [INFO] CodeEngine:267 - oldGeneratedFile, D:\01d_MCU_G474\ST_TuckRunv6.4_2PWM\EIC_TuckRun_Hall_v6_4\Inc\mc_stm_types.h_save
2026-01-22 16:12:04,759 INFO  [LineInfo_to_exitCode.log_LineInfo] Generated code: D:\01d_MCU_G474\ST_TuckRunv6.4_2PWM\EIC_TuckRun_Hall_v6_4\Inc\mc_stm_types.h
2026-01-22 16:12:04,817 DEBUG [LineInfo_to_exitCode.log_LineInfo] 2026-01-22 16:12:04,816 [INFO] CodeEngine:267 - oldGeneratedFile, D:\01d_MCU_G474\ST_TuckRunv6.4_2PWM\EIC_TuckRun_Hall_v6_4\Src\mc_tasks.c_save
2026-01-22 16:12:04,990 INFO  [LineInfo_to_exitCode.log_LineInfo] Generated code: D:\01d_MCU_G474\ST_TuckRunv6.4_2PWM\EIC_TuckRun_Hall_v6_4\Src\mc_tasks.c
2026-01-22 16:12:05,058 DEBUG [LineInfo_to_exitCode.log_LineInfo] 2026-01-22 16:12:05,058 [INFO] CodeEngine:267 - oldGeneratedFile, D:\01d_MCU_G474\ST_TuckRunv6.4_2PWM\EIC_TuckRun_Hall_v6_4\Src\mc_tasks_foc.c_save
2026-01-22 16:12:05,259 INFO  [LineInfo_to_exitCode.log_LineInfo] Generated code: D:\01d_MCU_G474\ST_TuckRunv6.4_2PWM\EIC_TuckRun_Hall_v6_4\Src\mc_tasks_foc.c
2026-01-22 16:12:05,309 DEBUG [LineInfo_to_exitCode.log_LineInfo] 2026-01-22 16:12:05,308 [INFO] CodeEngine:267 - oldGeneratedFile, D:\01d_MCU_G474\ST_TuckRunv6.4_2PWM\EIC_TuckRun_Hall_v6_4\Src\pwm_curr_fdbk.c_save
2026-01-22 16:12:05,473 INFO  [LineInfo_to_exitCode.log_LineInfo] Generated code: D:\01d_MCU_G474\ST_TuckRunv6.4_2PWM\EIC_TuckRun_Hall_v6_4\Src\pwm_curr_fdbk.c
2026-01-22 16:12:05,525 DEBUG [LineInfo_to_exitCode.log_LineInfo] 2026-01-22 16:12:05,525 [INFO] CodeEngine:267 - oldGeneratedFile, D:\01d_MCU_G474\ST_TuckRunv6.4_2PWM\EIC_TuckRun_Hall_v6_4\Inc\pwm_curr_fdbk.h_save
2026-01-22 16:12:05,667 INFO  [LineInfo_to_exitCode.log_LineInfo] Generated code: D:\01d_MCU_G474\ST_TuckRunv6.4_2PWM\EIC_TuckRun_Hall_v6_4\Inc\pwm_curr_fdbk.h
2026-01-22 16:12:05,725 DEBUG [LineInfo_to_exitCode.log_LineInfo] 2026-01-22 16:12:05,725 [INFO] CodeEngine:267 - oldGeneratedFile, D:\01d_MCU_G474\ST_TuckRunv6.4_2PWM\EIC_TuckRun_Hall_v6_4\Src\regular_conversion_manager.c_save
2026-01-22 16:12:05,876 INFO  [LineInfo_to_exitCode.log_LineInfo] Generated code: D:\01d_MCU_G474\ST_TuckRunv6.4_2PWM\EIC_TuckRun_Hall_v6_4\Src\regular_conversion_manager.c
2026-01-22 16:12:05,920 DEBUG [LineInfo_to_exitCode.log_LineInfo] 2026-01-22 16:12:05,919 [INFO] CodeEngine:267 - oldGeneratedFile, D:\01d_MCU_G474\ST_TuckRunv6.4_2PWM\EIC_TuckRun_Hall_v6_4\Inc\regular_conversion_manager.h_save
2026-01-22 16:12:06,062 INFO  [LineInfo_to_exitCode.log_LineInfo] Generated code: D:\01d_MCU_G474\ST_TuckRunv6.4_2PWM\EIC_TuckRun_Hall_v6_4\Inc\regular_conversion_manager.h
2026-01-22 16:12:06,120 DEBUG [LineInfo_to_exitCode.log_LineInfo] 2026-01-22 16:12:06,119 [INFO] CodeEngine:267 - oldGeneratedFile, D:\01d_MCU_G474\ST_TuckRunv6.4_2PWM\EIC_TuckRun_Hall_v6_4\Src\mc_math.c_save
2026-01-22 16:12:06,265 INFO  [LineInfo_to_exitCode.log_LineInfo] Generated code: D:\01d_MCU_G474\ST_TuckRunv6.4_2PWM\EIC_TuckRun_Hall_v6_4\Src\mc_math.c
2026-01-22 16:12:06,324 DEBUG [LineInfo_to_exitCode.log_LineInfo] 2026-01-22 16:12:06,324 [INFO] CodeEngine:267 - oldGeneratedFile, D:\01d_MCU_G474\ST_TuckRunv6.4_2PWM\EIC_TuckRun_Hall_v6_4\Inc\mc_math.h_save
2026-01-22 16:12:06,478 INFO  [LineInfo_to_exitCode.log_LineInfo] Generated code: D:\01d_MCU_G474\ST_TuckRunv6.4_2PWM\EIC_TuckRun_Hall_v6_4\Inc\mc_math.h
2026-01-22 16:12:06,540 DEBUG [LineInfo_to_exitCode.log_LineInfo] 2026-01-22 16:12:06,540 [INFO] CodeEngine:267 - oldGeneratedFile, D:\01d_MCU_G474\ST_TuckRunv6.4_2PWM\EIC_TuckRun_Hall_v6_4\Src\mc_interface.c_save
2026-01-22 16:12:06,714 INFO  [LineInfo_to_exitCode.log_LineInfo] Generated code: D:\01d_MCU_G474\ST_TuckRunv6.4_2PWM\EIC_TuckRun_Hall_v6_4\Src\mc_interface.c
2026-01-22 16:12:06,772 DEBUG [LineInfo_to_exitCode.log_LineInfo] 2026-01-22 16:12:06,772 [INFO] CodeEngine:267 - oldGeneratedFile, D:\01d_MCU_G474\ST_TuckRunv6.4_2PWM\EIC_TuckRun_Hall_v6_4\Inc\mc_interface.h_save
2026-01-22 16:12:06,913 INFO  [LineInfo_to_exitCode.log_LineInfo] Generated code: D:\01d_MCU_G474\ST_TuckRunv6.4_2PWM\EIC_TuckRun_Hall_v6_4\Inc\mc_interface.h
2026-01-22 16:12:06,970 DEBUG [LineInfo_to_exitCode.log_LineInfo] 2026-01-22 16:12:06,970 [INFO] CodeEngine:267 - oldGeneratedFile, D:\01d_MCU_G474\ST_TuckRunv6.4_2PWM\EIC_TuckRun_Hall_v6_4\Inc\parameters_conversion.h_save
2026-01-22 16:12:07,191 INFO  [LineInfo_to_exitCode.log_LineInfo] Generated code: D:\01d_MCU_G474\ST_TuckRunv6.4_2PWM\EIC_TuckRun_Hall_v6_4\Inc\parameters_conversion.h
2026-01-22 16:12:07,250 DEBUG [LineInfo_to_exitCode.log_LineInfo] 2026-01-22 16:12:07,249 [INFO] CodeEngine:267 - oldGeneratedFile, D:\01d_MCU_G474\ST_TuckRunv6.4_2PWM\EIC_TuckRun_Hall_v6_4\Inc\parameters_conversion_g4xx.h_save
2026-01-22 16:12:07,527 INFO  [LineInfo_to_exitCode.log_LineInfo] Generated code: D:\01d_MCU_G474\ST_TuckRunv6.4_2PWM\EIC_TuckRun_Hall_v6_4\Inc\parameters_conversion_g4xx.h
2026-01-22 16:12:07,588 DEBUG [LineInfo_to_exitCode.log_LineInfo] 2026-01-22 16:12:07,587 [INFO] CodeEngine:267 - oldGeneratedFile, D:\01d_MCU_G474\ST_TuckRunv6.4_2PWM\EIC_TuckRun_Hall_v6_4\Inc\pmsm_motor_parameters.h_save
2026-01-22 16:12:07,723 INFO  [LineInfo_to_exitCode.log_LineInfo] Generated code: D:\01d_MCU_G474\ST_TuckRunv6.4_2PWM\EIC_TuckRun_Hall_v6_4\Inc\pmsm_motor_parameters.h
2026-01-22 16:12:07,765 DEBUG [LineInfo_to_exitCode.log_LineInfo] 2026-01-22 16:12:07,765 [INFO] CodeEngine:267 - oldGeneratedFile, D:\01d_MCU_G474\ST_TuckRunv6.4_2PWM\EIC_TuckRun_Hall_v6_4\Inc\power_stage_parameters.h_save
2026-01-22 16:12:07,915 INFO  [LineInfo_to_exitCode.log_LineInfo] Generated code: D:\01d_MCU_G474\ST_TuckRunv6.4_2PWM\EIC_TuckRun_Hall_v6_4\Inc\power_stage_parameters.h
2026-01-22 16:12:07,960 DEBUG [LineInfo_to_exitCode.log_LineInfo] 2026-01-22 16:12:07,960 [INFO] CodeEngine:267 - oldGeneratedFile, D:\01d_MCU_G474\ST_TuckRunv6.4_2PWM\EIC_TuckRun_Hall_v6_4\Src\stm32_mc_common_it.c_save
2026-01-22 16:12:08,134 INFO  [LineInfo_to_exitCode.log_LineInfo] Generated code: D:\01d_MCU_G474\ST_TuckRunv6.4_2PWM\EIC_TuckRun_Hall_v6_4\Src\stm32_mc_common_it.c
2026-01-22 16:12:08,192 DEBUG [LineInfo_to_exitCode.log_LineInfo] 2026-01-22 16:12:08,192 [INFO] CodeEngine:267 - oldGeneratedFile, D:\01d_MCU_G474\ST_TuckRunv6.4_2PWM\EIC_TuckRun_Hall_v6_4\Src\stm32g4xx_mc_it.c_save
2026-01-22 16:12:08,342 INFO  [LineInfo_to_exitCode.log_LineInfo] Generated code: D:\01d_MCU_G474\ST_TuckRunv6.4_2PWM\EIC_TuckRun_Hall_v6_4\Src\stm32g4xx_mc_it.c
2026-01-22 16:12:08,400 DEBUG [LineInfo_to_exitCode.log_LineInfo] 2026-01-22 16:12:08,399 [INFO] CodeEngine:267 - oldGeneratedFile, D:\01d_MCU_G474\ST_TuckRunv6.4_2PWM\EIC_TuckRun_Hall_v6_4\Inc\mc_parameters.h_save
2026-01-22 16:12:08,531 INFO  [LineInfo_to_exitCode.log_LineInfo] Generated code: D:\01d_MCU_G474\ST_TuckRunv6.4_2PWM\EIC_TuckRun_Hall_v6_4\Inc\mc_parameters.h
2026-01-22 16:12:08,600 DEBUG [LineInfo_to_exitCode.log_LineInfo] 2026-01-22 16:12:08,600 [INFO] CodeEngine:267 - oldGeneratedFile, D:\01d_MCU_G474\ST_TuckRunv6.4_2PWM\EIC_TuckRun_Hall_v6_4\Src\mc_parameters.c_save
2026-01-22 16:12:08,808 INFO  [LineInfo_to_exitCode.log_LineInfo] Generated code: D:\01d_MCU_G474\ST_TuckRunv6.4_2PWM\EIC_TuckRun_Hall_v6_4\Src\mc_parameters.c
2026-01-22 16:12:08,861 DEBUG [LineInfo_to_exitCode.log_LineInfo] 2026-01-22 16:12:08,860 [INFO] CodeEngine:267 - oldGeneratedFile, D:\01d_MCU_G474\ST_TuckRunv6.4_2PWM\EIC_TuckRun_Hall_v6_4\Src\hf_registers.c_save
2026-01-22 16:12:09,009 INFO  [LineInfo_to_exitCode.log_LineInfo] Generated code: D:\01d_MCU_G474\ST_TuckRunv6.4_2PWM\EIC_TuckRun_Hall_v6_4\Src\hf_registers.c
2026-01-22 16:12:09,057 DEBUG [LineInfo_to_exitCode.log_LineInfo] 2026-01-22 16:12:09,057 [INFO] CodeEngine:267 - oldGeneratedFile, D:\01d_MCU_G474\ST_TuckRunv6.4_2PWM\EIC_TuckRun_Hall_v6_4\Src\sync_registers.c_save
2026-01-22 16:12:09,245 INFO  [LineInfo_to_exitCode.log_LineInfo] Generated code: D:\01d_MCU_G474\ST_TuckRunv6.4_2PWM\EIC_TuckRun_Hall_v6_4\Src\sync_registers.c
2026-01-22 16:12:09,298 DEBUG [LineInfo_to_exitCode.log_LineInfo] 2026-01-22 16:12:09,298 [INFO] CodeEngine:267 - oldGeneratedFile, D:\01d_MCU_G474\ST_TuckRunv6.4_2PWM\EIC_TuckRun_Hall_v6_4\Src\mcp.c_save
2026-01-22 16:12:09,469 INFO  [LineInfo_to_exitCode.log_LineInfo] Generated code: D:\01d_MCU_G474\ST_TuckRunv6.4_2PWM\EIC_TuckRun_Hall_v6_4\Src\mcp.c
2026-01-22 16:12:09,526 DEBUG [LineInfo_to_exitCode.log_LineInfo] 2026-01-22 16:12:09,525 [INFO] CodeEngine:267 - oldGeneratedFile, D:\01d_MCU_G474\ST_TuckRunv6.4_2PWM\EIC_TuckRun_Hall_v6_4\Inc\register_interface.h_save
2026-01-22 16:12:09,686 INFO  [LineInfo_to_exitCode.log_LineInfo] Generated code: D:\01d_MCU_G474\ST_TuckRunv6.4_2PWM\EIC_TuckRun_Hall_v6_4\Inc\register_interface.h
2026-01-22 16:12:09,741 DEBUG [LineInfo_to_exitCode.log_LineInfo] 2026-01-22 16:12:09,740 [INFO] CodeEngine:267 - oldGeneratedFile, D:\01d_MCU_G474\ST_TuckRunv6.4_2PWM\EIC_TuckRun_Hall_v6_4\Src\usart_aspep_driver.c_save
2026-01-22 16:12:09,892 INFO  [LineInfo_to_exitCode.log_LineInfo] Generated code: D:\01d_MCU_G474\ST_TuckRunv6.4_2PWM\EIC_TuckRun_Hall_v6_4\Src\usart_aspep_driver.c
2026-01-22 16:12:09,945 DEBUG [LineInfo_to_exitCode.log_LineInfo] 2026-01-22 16:12:09,945 [INFO] CodeEngine:267 - oldGeneratedFile, D:\01d_MCU_G474\ST_TuckRunv6.4_2PWM\EIC_TuckRun_Hall_v6_4\Src\mc_configuration_registers.c_save
2026-01-22 16:12:10,073 INFO  [LineInfo_to_exitCode.log_LineInfo] Generated code: D:\01d_MCU_G474\ST_TuckRunv6.4_2PWM\EIC_TuckRun_Hall_v6_4\Src\mc_configuration_registers.c
2026-01-22 16:12:10,121 DEBUG [LineInfo_to_exitCode.log_LineInfo] 2026-01-22 16:12:10,120 [INFO] CodeEngine:267 - oldGeneratedFile, D:\01d_MCU_G474\ST_TuckRunv6.4_2PWM\EIC_TuckRun_Hall_v6_4\Inc\mc_configuration_registers.h_save
2026-01-22 16:12:10,278 INFO  [LineInfo_to_exitCode.log_LineInfo] Generated code: D:\01d_MCU_G474\ST_TuckRunv6.4_2PWM\EIC_TuckRun_Hall_v6_4\Inc\mc_configuration_registers.h
2026-01-22 16:12:10,348 DEBUG [LineInfo_to_exitCode.log_LineInfo] 2026-01-22 16:12:10,348 [INFO] CodeEngine:267 - oldGeneratedFile, D:\01d_MCU_G474\ST_TuckRunv6.4_2PWM\EIC_TuckRun_Hall_v6_4\Inc\aspep.h_save
2026-01-22 16:12:10,480 INFO  [LineInfo_to_exitCode.log_LineInfo] Generated code: D:\01d_MCU_G474\ST_TuckRunv6.4_2PWM\EIC_TuckRun_Hall_v6_4\Inc\aspep.h
2026-01-22 16:12:10,532 DEBUG [LineInfo_to_exitCode.log_LineInfo] 2026-01-22 16:12:10,531 [INFO] CodeEngine:267 - oldGeneratedFile, D:\01d_MCU_G474\ST_TuckRunv6.4_2PWM\EIC_TuckRun_Hall_v6_4\Src\aspep.c_save
2026-01-22 16:12:10,690 INFO  [LineInfo_to_exitCode.log_LineInfo] Generated code: D:\01d_MCU_G474\ST_TuckRunv6.4_2PWM\EIC_TuckRun_Hall_v6_4\Src\aspep.c
2026-01-22 16:12:10,746 DEBUG [LineInfo_to_exitCode.log_LineInfo] 2026-01-22 16:12:10,746 [INFO] CodeEngine:267 - oldGeneratedFile, D:\01d_MCU_G474\ST_TuckRunv6.4_2PWM\EIC_TuckRun_Hall_v6_4\Inc\hall_speed_pos_fdbk.h_save
2026-01-22 16:12:10,883 INFO  [LineInfo_to_exitCode.log_LineInfo] Generated code: D:\01d_MCU_G474\ST_TuckRunv6.4_2PWM\EIC_TuckRun_Hall_v6_4\Inc\hall_speed_pos_fdbk.h
2026-01-22 16:12:10,944 DEBUG [LineInfo_to_exitCode.log_LineInfo] 2026-01-22 16:12:10,944 [INFO] CodeEngine:267 - oldGeneratedFile, D:\01d_MCU_G474\ST_TuckRunv6.4_2PWM\EIC_TuckRun_Hall_v6_4\Src\hall_speed_pos_fdbk.c_save
2026-01-22 16:12:11,113 INFO  [LineInfo_to_exitCode.log_LineInfo] Generated code: D:\01d_MCU_G474\ST_TuckRunv6.4_2PWM\EIC_TuckRun_Hall_v6_4\Src\hall_speed_pos_fdbk.c
2026-01-22 16:12:11,158 DEBUG [LineInfo_to_exitCode.log_LineInfo] 2026-01-22 16:12:11,157 [INFO] CodeEngine:267 - oldGeneratedFile, D:\01d_MCU_G474\ST_TuckRunv6.4_2PWM\EIC_TuckRun_Hall_v6_4\Inc\mc_app_hooks.h_save
2026-01-22 16:12:11,275 INFO  [LineInfo_to_exitCode.log_LineInfo] Generated code: D:\01d_MCU_G474\ST_TuckRunv6.4_2PWM\EIC_TuckRun_Hall_v6_4\Inc\mc_app_hooks.h
2026-01-22 16:12:11,324 DEBUG [LineInfo_to_exitCode.log_LineInfo] 2026-01-22 16:12:11,323 [INFO] CodeEngine:267 - oldGeneratedFile, D:\01d_MCU_G474\ST_TuckRunv6.4_2PWM\EIC_TuckRun_Hall_v6_4\Src\mc_app_hooks.c_save
2026-01-22 16:12:11,455 INFO  [LineInfo_to_exitCode.log_LineInfo] Generated code: D:\01d_MCU_G474\ST_TuckRunv6.4_2PWM\EIC_TuckRun_Hall_v6_4\Src\mc_app_hooks.c
2026-01-22 16:12:11,566 DEBUG [LineInfo_to_exitCode.log_LineInfo] 2026-01-22 16:12:11,566 [INFO] CodeEngine:267 - oldGeneratedFile, D:\01d_MCU_G474\ST_TuckRunv6.4_2PWM\EIC_TuckRun_Hall_v6_4\Src\stm32g4xx_it.c_save
2026-01-22 16:12:11,727 INFO  [LineInfo_to_exitCode.log_LineInfo] Generated code: D:\01d_MCU_G474\ST_TuckRunv6.4_2PWM\EIC_TuckRun_Hall_v6_4\Src\stm32g4xx_it.c
2026-01-22 16:12:11,784 DEBUG [LineInfo_to_exitCode.log_LineInfo] 2026-01-22 16:12:11,784 [INFO] CodeEngine:267 - oldGeneratedFile, D:\01d_MCU_G474\ST_TuckRunv6.4_2PWM\EIC_TuckRun_Hall_v6_4\Inc\stm32g4xx_it.h_save
2026-01-22 16:12:11,918 INFO  [LineInfo_to_exitCode.log_LineInfo] Generated code: D:\01d_MCU_G474\ST_TuckRunv6.4_2PWM\EIC_TuckRun_Hall_v6_4\Inc\stm32g4xx_it.h
2026-01-22 16:12:12,041 DEBUG [LineInfo_to_exitCode.log_LineInfo] 2026-01-22 16:12:12,041 [INFO] CodeEngine:267 - oldGeneratedFile, D:\01d_MCU_G474\ST_TuckRunv6.4_2PWM\EIC_TuckRun_Hall_v6_4\Src\stm32g4xx_hal_msp.c_save
2026-01-22 16:12:12,356 INFO  [LineInfo_to_exitCode.log_LineInfo] Generated code: D:\01d_MCU_G474\ST_TuckRunv6.4_2PWM\EIC_TuckRun_Hall_v6_4\Src\stm32g4xx_hal_msp.c
2026-01-22 16:12:12,397 DEBUG [LineInfo_to_exitCode.log_LineInfo] 2026-01-22 16:12:12,397 [INFO] CodeEngine:267 - oldGeneratedFile, D:\01d_MCU_G474\ST_TuckRunv6.4_2PWM\EIC_TuckRun_Hall_v6_4\MXTmpFiles\system.tmp_save
2026-01-22 16:12:12,486 DEBUG [LineInfo_to_exitCode.log_LineInfo] 2026-01-22 16:12:12,486 [INFO] CodeEngine:291 - Generated code: D:\01d_MCU_G474\ST_TuckRunv6.4_2PWM\EIC_TuckRun_Hall_v6_4\MXTmpFiles\system.tmp
2026-01-22 16:12:12,578 DEBUG [LineInfo_to_exitCode.log_LineInfo] 2026-01-22 16:12:12,577 [INFO] CodeEngine:323 - oldGeneratedFile, D:\01d_MCU_G474\ST_TuckRunv6.4_2PWM\EIC_TuckRun_Hall_v6_4\Inc\stm32g4xx_hal_conf.h_save
2026-01-22 16:12:12,701 INFO  [LineInfo_to_exitCode.log_LineInfo] Generated code: D:\01d_MCU_G474\ST_TuckRunv6.4_2PWM\EIC_TuckRun_Hall_v6_4\Inc\stm32g4xx_hal_conf.h
2026-01-22 16:12:12,803 DEBUG [LineInfo_to_exitCode.log_LineInfo] 2026-01-22 16:12:12,802 [INFO] ApiDbMcu:532 - Load IP Config File for ADC1
2026-01-22 16:12:12,810 DEBUG [LineInfo_to_exitCode.log_LineInfo] 2026-01-22 16:12:12,810 [INFO] ApiDbMcu:532 - Load IP Config File for ADC2
2026-01-22 16:12:12,813 DEBUG [LineInfo_to_exitCode.log_LineInfo] 2026-01-22 16:12:12,813 [INFO] ApiDbMcu:532 - Load IP Config File for CORDIC
2026-01-22 16:12:12,835 DEBUG [LineInfo_to_exitCode.log_LineInfo] 2026-01-22 16:12:12,834 [INFO] ApiDbMcu:532 - Load IP Config File for TIM1
2026-01-22 16:12:12,852 DEBUG [LineInfo_to_exitCode.log_LineInfo] 2026-01-22 16:12:12,852 [INFO] ApiDbMcu:532 - Load IP Config File for TIM2
2026-01-22 16:12:12,867 DEBUG [LineInfo_to_exitCode.log_LineInfo] 2026-01-22 16:12:12,867 [INFO] ApiDbMcu:532 - Load IP Config File for USART2
2026-01-22 16:12:12,871 DEBUG [LineInfo_to_exitCode.log_LineInfo] 2026-01-22 16:12:12,870 [INFO] ApiDbMcu:532 - Load IP Config File for RCC
2026-01-22 16:12:12,933 DEBUG [LineInfo_to_exitCode.log_LineInfo] 2026-01-22 16:12:12,933 [INFO] CodeEngine:267 - oldGeneratedFile, D:\01d_MCU_G474\ST_TuckRunv6.4_2PWM\EIC_TuckRun_Hall_v6_4\Inc\main.h_save
2026-01-22 16:12:13,089 INFO  [LineInfo_to_exitCode.log_LineInfo] Generated code: D:\01d_MCU_G474\ST_TuckRunv6.4_2PWM\EIC_TuckRun_Hall_v6_4\Inc\main.h
2026-01-22 16:12:13,147 DEBUG [LineInfo_to_exitCode.log_LineInfo] 2026-01-22 16:12:13,147 [INFO] CodeEngine:267 - oldGeneratedFile, D:\01d_MCU_G474\ST_TuckRunv6.4_2PWM\EIC_TuckRun_Hall_v6_4\Src\main.c_save
2026-01-22 16:12:13,501 INFO  [LineInfo_to_exitCode.log_LineInfo] Generated code: D:\01d_MCU_G474\ST_TuckRunv6.4_2PWM\EIC_TuckRun_Hall_v6_4\Src\main.c
2026-01-22 16:12:14,288 DEBUG [LineInfo_to_exitCode.log_LineInfo] 2026-01-22 16:12:14,288 [INFO] ProjectBuilder:3706 - Time for Copy HAL[0] : 498mS.
2026-01-22 16:12:14,297 DEBUG [LineInfo_to_exitCode.log_LineInfo] 2026-01-22 16:12:14,296 [INFO] ProjectBuilder:5316 - Project Generator version: 4.8.0-B50
2026-01-22 16:12:14,441 DEBUG [LineInfo_to_exitCode.log_LineInfo] 2026-01-22 16:12:14,441 [INFO] ConfigFileManager:1609 - The Die is : DIE469
2026-01-22 16:12:14,454 DEBUG [LineInfo_to_exitCode.log_LineInfo] 2026-01-22 16:12:14,454 [INFO] ApiDbMcu:532 - Load IP Config File for FATFS
2026-01-22 16:12:14,467 DEBUG [LineInfo_to_exitCode.log_LineInfo] 2026-01-22 16:12:14,467 [INFO] ApiDbMcu:532 - Load IP Config File for FREERTOS
2026-01-22 16:12:14,486 DEBUG [LineInfo_to_exitCode.log_LineInfo] 2026-01-22 16:12:14,485 [INFO] ApiDbMcu:532 - Load IP Config File for USBPD
2026-01-22 16:12:14,505 DEBUG [LineInfo_to_exitCode.log_LineInfo] 2026-01-22 16:12:14,505 [INFO] ApiDbMcu:532 - Load IP Config File for USB_DEVICE
2026-01-22 16:12:15,487 DEBUG [LineInfo_to_exitCode.log_LineInfo] 2026-01-22 16:12:15,487 [INFO] ConfigFileManager:3148 - mx.scratch is deleted!
2026-01-22 16:12:15,487 DEBUG [LineInfo_to_exitCode.log_LineInfo] 2026-01-22 16:12:15,487 [INFO] ProjectBuilder:5596 - Time for Generating toolchain IDE Files: 1192mS.
2026-01-22 16:12:16,951 DEBUG [LineInfo_to_exitCode.log_LineInfo] 2026-01-22 16:12:16,951 [INFO] ProjectBuilder:3563 - Time for Copy CMSIS : 1464mS.
2026-01-22 16:12:17,847 DEBUG [LineInfo_to_exitCode.log_LineInfo] 2026-01-22 16:12:17,847 [INFO] ProjectBuilder:3563 - Time for Copy CMSIS : 893mS.
2026-01-22 16:12:17,873 DEBUG [LineInfo_to_exitCode.log_LineInfo] 2026-01-22 16:12:17,872 [INFO] MainFileManager:740 - Exiting application...
2026-01-22 16:12:17,880 DEBUG [LineInfo_to_exitCode.log_LineInfo] 2026-01-22 16:12:17,880 [INFO] MainFileManager:812 - Proxy status is invalid, do not check for advertisement updates
2026-01-22 16:12:17,881 DEBUG [LineInfo_to_exitCode.log_LineInfo] 2026-01-22 16:12:17,881 [INFO] ApplicationProperties:184 - Using Application install path: C:\Users\cc_fang\AppData\Local\Programs\STM32CubeMX
2026-01-22 16:12:17,881 DEBUG [LineInfo_to_exitCode.log_LineInfo] 2026-01-22 16:12:17,881 [INFO] ApplicationProperties:184 - Using Application install path: C:\Users\cc_fang\AppData\Local\Programs\STM32CubeMX
2026-01-22 16:12:18,613 DEBUG [LineInfo_to_exitCode.log_LineInfo] 2026-01-22 16:12:18,612 [INFO] WebApp:179 - JxBrowser engine has been closed 
2026-01-22 16:12:18,613 DEBUG [LineInfo_to_exitCode.log_LineInfo] 2026-01-22 16:12:18,613 [INFO] WebApp:330 - Close the Jxbrowser engine manually
2026-01-22 16:12:25,818 DEBUG [IOCDialogController.lambda$onClose$8] IOCGenerationDialog exists with return code 0
